provenance,setting,domain,input_group,rater_1,rater_2,rater_3,group_agreement,group_outcome
SIMULATED,Reuse,TD-SV4,SIM-ANN-0-0000,2,0,0,0.3333333333333333,decisive
SIMULATED,Reuse,TD-SV4,SIM-ANN-0-0001,1,1,1,1.0,decisive
SIMULATED,Reuse,TD-SV4,SIM-ANN-0-0002,1,1,1,1.0,decisive
SIMULATED,Reuse,TD-SV4,SIM-ANN-0-0003,1,1,1,1.0,decisive
SIMULATED,Reuse,TD-SV4,SIM-ANN-0-0004,2,2,2,1.0,tie
SIMULATED,Reuse,TD-SV4,SIM-ANN-0-0005,1,2,1,0.3333333333333333,decisive
SIMULATED,Reuse,TD-SV4,SIM-ANN-0-0006,0,0,0,1.0,decisive
SIMULATED,Reuse,TD-SV4,SIM-ANN-0-0007,1,1,1,1.0,decisive
SIMULATED,Reuse,TD-SV4,SIM-ANN-0-0008,0,0,0,1.0,decisive
SIMULATED,Reuse,TD-SV4,SIM-ANN-0-0009,0,0,-1,1.0,decisive
SIMULATED,Reuse,TD-SV4,SIM-ANN-0-0010,0,-1,0,1.0,decisive
SIMULATED,Reuse,TD-SV4,SIM-ANN-0-0011,1,1,1,1.0,decisive
SIMULATED,Reuse,TD-SV4,SIM-ANN-0-0012,0,0,-1,1.0,decisive
SIMULATED,Reuse,TD-SV4,SIM-ANN-0-0013,2,2,-1,1.0,tie
SIMULATED,Reuse,TD-SV4,SIM-ANN-0-0014,0,0,0,1.0,decisive
SIMULATED,Reuse,TD-SV4,SIM-ANN-0-0015,-1,0,0,1.0,decisive
SIMULATED,Reuse,TD-SV4,SIM-ANN-0-0016,-1,1,1,1.0,decisive
SIMULATED,Reuse,TD-SV4,SIM-ANN-0-0017,1,1,1,1.0,decisive
SIMULATED,Reuse,TD-SV4,SIM-ANN-0-0018,0,2,2,0.3333333333333333,tie
SIMULATED,Reuse,TD-SV4,SIM-ANN-0-0019,0,0,0,1.0,decisive
SIMULATED,Reuse,TD-SV4,SIM-ANN-0-0020,1,1,1,1.0,decisive
SIMULATED,Reuse,TD-SV4,SIM-ANN-0-0021,0,0,0,1.0,decisive
SIMULATED,Reuse,TD-SV4,SIM-ANN-0-0022,0,0,0,1.0,decisive
SIMULATED,Reuse,TD-SV4,SIM-ANN-0-0023,1,2,1,0.3333333333333333,decisive
SIMULATED,Reuse,TD-SV4,SIM-ANN-0-0024,0,0,0,1.0,decisive
SIMULATED,Reuse,TD-SV4,SIM-ANN-0-0025,0,0,0,1.0,decisive
SIMULATED,Reuse,TD-SV4,SIM-ANN-0-0026,0,1,0,0.3333333333333333,decisive
SIMULATED,Reuse,TD-SV4,SIM-ANN-0-0027,1,1,1,1.0,decisive
SIMULATED,Reuse,TD-SV4,SIM-ANN-0-0028,0,0,0,1.0,decisive
SIMULATED,Reuse,TD-SV4,SIM-ANN-0-0029,1,1,1,1.0,decisive
SIMULATED,Reuse,TD-SV4,SIM-ANN-0-0030,2,2,-1,1.0,tie
SIMULATED,Reuse,TD-SV4,SIM-ANN-0-0031,1,1,1,1.0,decisive
SIMULATED,Reuse,TD-SV4,SIM-ANN-0-0032,1,1,1,1.0,decisive
SIMULATED,Reuse,TD-SV4,SIM-ANN-0-0033,1,1,0,0.3333333333333333,decisive
SIMULATED,Reuse,TD-SV4,SIM-ANN-0-0034,0,0,0,1.0,decisive
SIMULATED,Reuse,TD-SV4,SIM-ANN-0-0035,-1,1,1,1.0,decisive
SIMULATED,Reuse,TD-SV4,SIM-ANN-0-0036,1,1,1,1.0,decisive
SIMULATED,Reuse,TD-SV4,SIM-ANN-0-0037,1,1,1,1.0,decisive
SIMULATED,Reuse,TD-SV4,SIM-ANN-0-0038,1,1,1,1.0,decisive
SIMULATED,Reuse,TD-SV4,SIM-ANN-0-0039,1,1,-1,1.0,decisive
SIMULATED,Reuse,TD-SV4,SIM-ANN-0-0040,2,0,0,0.3333333333333333,decisive
SIMULATED,Reuse,TD-SV4,SIM-ANN-0-0041,1,1,1,1.0,decisive
SIMULATED,Reuse,TD-SV4,SIM-ANN-0-0042,0,0,0,1.0,decisive
SIMULATED,Reuse,TD-SV4,SIM-ANN-0-0043,1,1,1,1.0,decisive
SIMULATED,Reuse,TD-SV4,SIM-ANN-0-0044,1,1,1,1.0,decisive
SIMULATED,Reuse,TD-SV4,SIM-ANN-0-0045,0,1,0,0.3333333333333333,decisive
SIMULATED,Reuse,TD-SV4,SIM-ANN-0-0046,1,1,1,1.0,decisive
SIMULATED,Reuse,TD-SV4,SIM-ANN-0-0047,0,0,0,1.0,decisive
SIMULATED,Reuse,TD-SV4,SIM-ANN-0-0048,1,1,1,1.0,decisive
SIMULATED,Reuse,TD-SV4,SIM-ANN-0-0049,1,0,2,0.0,no consensus
SIMULATED,Reuse,TD-SV4,SIM-ANN-0-0050,0,0,0,1.0,decisive
SIMULATED,Reuse,TD-SV4,SIM-ANN-0-0051,2,2,2,1.0,tie
SIMULATED,Reuse,TD-SV4,SIM-ANN-0-0052,1,2,1,0.3333333333333333,decisive
SIMULATED,Reuse,TD-SV4,SIM-ANN-0-0053,1,1,0,0.3333333333333333,decisive
SIMULATED,Reuse,TD-SV4,SIM-ANN-0-0054,2,0,0,0.3333333333333333,decisive
SIMULATED,Reuse,TD-SV4,SIM-ANN-0-0055,0,0,0,1.0,decisive
SIMULATED,Reuse,TD-SV4,SIM-ANN-0-0056,0,0,0,1.0,decisive
SIMULATED,Reuse,TD-SV4,SIM-ANN-0-0057,1,1,1,1.0,decisive
SIMULATED,Reuse,TD-SV4,SIM-ANN-0-0058,1,1,1,1.0,decisive
SIMULATED,Reuse,TD-SV4,SIM-ANN-0-0059,1,0,1,0.3333333333333333,decisive
SIMULATED,Reuse,TD-SV4,SIM-ANN-0-0060,1,1,1,1.0,decisive
SIMULATED,Reuse,TD-SV4,SIM-ANN-0-0061,1,1,1,1.0,decisive
SIMULATED,Reuse,TD-SV4,SIM-ANN-0-0062,1,1,2,0.3333333333333333,decisive
SIMULATED,Reuse,TD-SV4,SIM-ANN-0-0063,-1,1,1,1.0,decisive
SIMULATED,Reuse,TD-SV4,SIM-ANN-0-0064,0,0,0,1.0,decisive
SIMULATED,Reuse,TD-SV4,SIM-ANN-0-0065,2,2,2,1.0,tie
SIMULATED,Reuse,TD-SV4,SIM-ANN-0-0066,0,2,2,0.3333333333333333,tie
SIMULATED,Reuse,TD-SV4,SIM-ANN-0-0067,1,0,-1,0.0,no consensus
SIMULATED,Reuse,TD-SV4,SIM-ANN-0-0068,1,1,1,1.0,decisive
SIMULATED,Reuse,TD-SV4,SIM-ANN-0-0069,0,0,0,1.0,decisive
SIMULATED,Reuse,TD-SV4,SIM-ANN-0-0070,1,1,1,1.0,decisive
SIMULATED,Reuse,TD-SV4,SIM-ANN-0-0071,1,1,1,1.0,decisive
SIMULATED,Reuse,TD-SV4,SIM-ANN-0-0072,1,1,1,1.0,decisive
SIMULATED,Reuse,TD-SV4,SIM-ANN-0-0073,0,0,0,1.0,decisive
SIMULATED,Reuse,TD-SV4,SIM-ANN-0-0074,1,1,1,1.0,decisive
SIMULATED,Reuse,TD-SV4,SIM-ANN-0-0075,1,0,0,0.3333333333333333,decisive
SIMULATED,Reuse,TD-SV4,SIM-ANN-0-0076,0,0,0,1.0,decisive
SIMULATED,Reuse,TD-SV4,SIM-ANN-0-0077,1,1,1,1.0,decisive
SIMULATED,Reuse,TD-SV4,SIM-ANN-0-0078,1,1,1,1.0,decisive
SIMULATED,Reuse,TD-SV4,SIM-ANN-0-0079,1,0,0,0.3333333333333333,decisive
SIMULATED,Reuse,TD-SV4,SIM-ANN-0-0080,1,1,1,1.0,decisive
SIMULATED,Reuse,TD-SV4,SIM-ANN-0-0081,0,0,0,1.0,decisive
SIMULATED,Reuse,TD-SV4,SIM-ANN-0-0082,0,0,1,0.3333333333333333,decisive
SIMULATED,Reuse,TD-SV4,SIM-ANN-0-0083,1,2,2,0.3333333333333333,tie
SIMULATED,Reuse,TD-SV4,SIM-ANN-0-0084,0,0,0,1.0,decisive
SIMULATED,Reuse,TD-SV4,SIM-ANN-0-0085,0,0,0,1.0,decisive
SIMULATED,Reuse,TD-SV4,SIM-ANN-0-0086,2,2,2,1.0,tie
SIMULATED,Reuse,TD-SV4,SIM-ANN-0-0087,0,0,0,1.0,decisive
SIMULATED,Reuse,TD-SV4,SIM-ANN-0-0088,0,0,0,1.0,decisive
SIMULATED,Reuse,TD-SV4,SIM-ANN-0-0089,1,1,1,1.0,decisive
SIMULATED,Reuse,TD-SV4,SIM-ANN-0-0090,0,0,0,1.0,decisive
SIMULATED,Reuse,TD-SV4,SIM-ANN-0-0091,0,2,0,0.3333333333333333,decisive
SIMULATED,Reuse,TD-SV4,SIM-ANN-0-0092,1,1,1,1.0,decisive
SIMULATED,Reuse,TD-SV4,SIM-ANN-0-0093,0,2,1,0.0,no consensus
SIMULATED,Reuse,TD-SV4,SIM-ANN-0-0094,1,1,0,0.3333333333333333,decisive
SIMULATED,Reuse,TD-SV4,SIM-ANN-0-0095,2,2,2,1.0,tie
SIMULATED,Reuse,TD-SV4,SIM-ANN-0-0096,0,0,0,1.0,decisive
SIMULATED,Reuse,TD-SV4,SIM-ANN-0-0097,1,1,1,1.0,decisive
SIMULATED,Reuse,TD-SV4,SIM-ANN-0-0098,2,0,2,0.3333333333333333,tie
SIMULATED,Reuse,TD-SV4,SIM-ANN-0-0099,2,2,1,0.3333333333333333,tie
SIMULATED,Reuse,TD-SV4,SIM-ANN-0-0100,1,-1,1,1.0,decisive
SIMULATED,Reuse,TD-SV4,SIM-ANN-0-0101,1,1,-1,1.0,decisive
SIMULATED,Reuse,TD-SV4,SIM-ANN-0-0102,1,2,1,0.3333333333333333,decisive
SIMULATED,Reuse,TD-SV4,SIM-ANN-0-0103,1,1,1,1.0,decisive
SIMULATED,Reuse,TD-SV4,SIM-ANN-0-0104,0,0,0,1.0,decisive
SIMULATED,Reuse,TD-SV4,SIM-ANN-0-0105,1,1,1,1.0,decisive
SIMULATED,Reuse,TD-SV4,SIM-ANN-0-0106,0,-1,0,1.0,decisive
SIMULATED,Reuse,TD-SV4,SIM-ANN-0-0107,0,0,0,1.0,decisive
SIMULATED,Reuse,TD-SV4,SIM-ANN-0-0108,1,1,1,1.0,decisive
SIMULATED,Reuse,TD-SV4,SIM-ANN-0-0109,1,1,1,1.0,decisive
SIMULATED,Reuse,TD-SV4,SIM-ANN-0-0110,0,0,0,1.0,decisive
SIMULATED,Reuse,TD-SV4,SIM-ANN-0-0111,1,1,1,1.0,decisive
SIMULATED,Reuse,TD-SV4,SIM-ANN-0-0112,1,-1,1,1.0,decisive
SIMULATED,Reuse,TD-SV4,SIM-ANN-0-0113,0,0,0,1.0,decisive
SIMULATED,Reuse,TD-SV4,SIM-ANN-0-0114,1,1,1,1.0,decisive
SIMULATED,Reuse,TD-SV4,SIM-ANN-0-0115,0,0,0,1.0,decisive
SIMULATED,Reuse,TD-SV4,SIM-ANN-0-0116,2,2,2,1.0,tie
SIMULATED,Reuse,TD-SV4,SIM-ANN-0-0117,1,1,1,1.0,decisive
SIMULATED,Reuse,TD-SV4,SIM-ANN-0-0118,0,0,0,1.0,decisive
SIMULATED,Reuse,TD-SV4,SIM-ANN-0-0119,1,1,1,1.0,decisive
SIMULATED,Reuse,TD-SV4,SIM-ANN-0-0120,1,1,1,1.0,decisive
SIMULATED,Reuse,TD-SV4,SIM-ANN-0-0121,0,0,0,1.0,decisive
SIMULATED,Reuse,TD-SV4,SIM-ANN-0-0122,1,1,1,1.0,decisive
SIMULATED,Reuse,TD-SV4,SIM-ANN-0-0123,0,0,0,1.0,decisive
SIMULATED,Reuse,TD-SV4,SIM-ANN-0-0124,0,0,0,1.0,decisive
SIMULATED,Reuse,TD-SV4,SIM-ANN-0-0125,-1,0,0,1.0,decisive
SIMULATED,Reuse,TD-SV4,SIM-ANN-0-0126,0,0,0,1.0,decisive
SIMULATED,Reuse,TD-SV4,SIM-ANN-0-0127,-1,0,0,1.0,decisive
SIMULATED,Reuse,TD-SV4,SIM-ANN-0-0128,0,0,0,1.0,decisive
SIMULATED,Reuse,TD-SV4,SIM-ANN-0-0129,0,0,1,0.3333333333333333,decisive
SIMULATED,Reuse,TD-SV4,SIM-ANN-0-0130,2,-1,0,0.0,no consensus
SIMULATED,Reuse,TD-SV4,SIM-ANN-0-0131,1,1,1,1.0,decisive
SIMULATED,Reuse,TD-SV4,SIM-ANN-0-0132,2,0,0,0.3333333333333333,decisive
SIMULATED,Reuse,TD-SV4,SIM-ANN-0-0133,-1,-1,1,nan,insufficient votes
SIMULATED,Reuse,TD-SV4,SIM-ANN-0-0134,0,0,0,1.0,decisive
SIMULATED,Reuse,TD-SV4,SIM-ANN-0-0135,1,1,1,1.0,decisive
SIMULATED,Reuse,TD-SV4,SIM-ANN-0-0136,1,1,1,1.0,decisive
SIMULATED,Reuse,TD-SV4,SIM-ANN-0-0137,-1,0,0,1.0,decisive
SIMULATED,Reuse,TD-SV4,SIM-ANN-0-0138,1,1,1,1.0,decisive
SIMULATED,Reuse,TD-SV4,SIM-ANN-0-0139,0,0,-1,1.0,decisive
SIMULATED,Reuse,TD-SV4,SIM-ANN-0-0140,1,1,1,1.0,decisive
SIMULATED,Reuse,TD-SV4,SIM-ANN-0-0141,1,1,1,1.0,decisive
SIMULATED,Reuse,TD-SV4,SIM-ANN-0-0142,1,1,1,1.0,decisive
SIMULATED,Reuse,TD-SV4,SIM-ANN-0-0143,0,0,0,1.0,decisive
SIMULATED,Reuse,TD-SV4,SIM-ANN-0-0144,0,0,0,1.0,decisive
SIMULATED,Reuse,TD-SV4,SIM-ANN-0-0145,2,2,2,1.0,tie
SIMULATED,Reuse,TD-SV4,SIM-ANN-0-0146,0,2,-1,0.0,no consensus
SIMULATED,Reuse,TD-SV4,SIM-ANN-0-0147,1,-1,1,1.0,decisive
SIMULATED,Reuse,TD-SV4,SIM-ANN-0-0148,0,0,0,1.0,decisive
SIMULATED,Reuse,TD-SV4,SIM-ANN-0-0149,2,1,1,0.3333333333333333,decisive
SIMULATED,Reuse,TD-SV4,SIM-ANN-0-0150,1,1,0,0.3333333333333333,decisive
SIMULATED,Reuse,TD-SV4,SIM-ANN-0-0151,0,0,0,1.0,decisive
SIMULATED,Reuse,TD-SV4,SIM-ANN-0-0152,0,0,0,1.0,decisive
SIMULATED,Reuse,TD-SV4,SIM-ANN-0-0153,1,1,1,1.0,decisive
SIMULATED,Reuse,TD-SV4,SIM-ANN-0-0154,0,0,0,1.0,decisive
SIMULATED,Reuse,TD-SV4,SIM-ANN-0-0155,0,1,1,0.3333333333333333,decisive
SIMULATED,Reuse,TD-SV4,SIM-ANN-0-0156,1,1,1,1.0,decisive
SIMULATED,Reuse,TD-SV4,SIM-ANN-0-0157,2,2,2,1.0,tie
SIMULATED,Reuse,TD-SV4,SIM-ANN-0-0158,0,-1,0,1.0,decisive
SIMULATED,Reuse,TD-SV4,SIM-ANN-0-0159,-1,-1,0,nan,insufficient votes
SIMULATED,Reuse,TD-IG1,SIM-ANN-1-0000,1,1,1,1.0,decisive
SIMULATED,Reuse,TD-IG1,SIM-ANN-1-0001,0,0,0,1.0,decisive
SIMULATED,Reuse,TD-IG1,SIM-ANN-1-0002,1,1,1,1.0,decisive
SIMULATED,Reuse,TD-IG1,SIM-ANN-1-0003,0,0,0,1.0,decisive
SIMULATED,Reuse,TD-IG1,SIM-ANN-1-0004,2,2,0,0.3333333333333333,tie
SIMULATED,Reuse,TD-IG1,SIM-ANN-1-0005,0,1,0,0.3333333333333333,decisive
SIMULATED,Reuse,TD-IG1,SIM-ANN-1-0006,-1,0,0,1.0,decisive
SIMULATED,Reuse,TD-IG1,SIM-ANN-1-0007,0,0,0,1.0,decisive
SIMULATED,Reuse,TD-IG1,SIM-ANN-1-0008,1,1,1,1.0,decisive
SIMULATED,Reuse,TD-IG1,SIM-ANN-1-0009,1,1,1,1.0,decisive
SIMULATED,Reuse,TD-IG1,SIM-ANN-1-0010,-1,1,1,1.0,decisive
SIMULATED,Reuse,TD-IG1,SIM-ANN-1-0011,1,1,1,1.0,decisive
SIMULATED,Reuse,TD-IG1,SIM-ANN-1-0012,1,1,1,1.0,decisive
SIMULATED,Reuse,TD-IG1,SIM-ANN-1-0013,1,1,1,1.0,decisive
SIMULATED,Reuse,TD-IG1,SIM-ANN-1-0014,0,2,0,0.3333333333333333,decisive
SIMULATED,Reuse,TD-IG1,SIM-ANN-1-0015,1,1,2,0.3333333333333333,decisive
SIMULATED,Reuse,TD-IG1,SIM-ANN-1-0016,0,0,0,1.0,decisive
SIMULATED,Reuse,TD-IG1,SIM-ANN-1-0017,1,1,1,1.0,decisive
SIMULATED,Reuse,TD-IG1,SIM-ANN-1-0018,1,1,1,1.0,decisive
SIMULATED,Reuse,TD-IG1,SIM-ANN-1-0019,1,1,1,1.0,decisive
SIMULATED,Reuse,TD-IG1,SIM-ANN-1-0020,0,0,1,0.3333333333333333,decisive
SIMULATED,Reuse,TD-IG1,SIM-ANN-1-0021,1,1,1,1.0,decisive
SIMULATED,Reuse,TD-IG1,SIM-ANN-1-0022,1,1,1,1.0,decisive
SIMULATED,Reuse,TD-IG1,SIM-ANN-1-0023,2,0,0,0.3333333333333333,decisive
SIMULATED,Reuse,TD-IG1,SIM-ANN-1-0024,0,0,0,1.0,decisive
SIMULATED,Reuse,TD-IG1,SIM-ANN-1-0025,0,0,0,1.0,decisive
SIMULATED,Reuse,TD-IG1,SIM-ANN-1-0026,0,1,0,0.3333333333333333,decisive
SIMULATED,Reuse,TD-IG1,SIM-ANN-1-0027,0,0,0,1.0,decisive
SIMULATED,Reuse,TD-IG1,SIM-ANN-1-0028,2,1,1,0.3333333333333333,decisive
SIMULATED,Reuse,TD-IG1,SIM-ANN-1-0029,0,1,2,0.0,no consensus
SIMULATED,Reuse,TD-IG1,SIM-ANN-1-0030,2,1,1,0.3333333333333333,decisive
SIMULATED,Reuse,TD-IG1,SIM-ANN-1-0031,0,0,0,1.0,decisive
SIMULATED,Reuse,TD-IG1,SIM-ANN-1-0032,1,1,1,1.0,decisive
SIMULATED,Reuse,TD-IG1,SIM-ANN-1-0033,2,2,2,1.0,tie
SIMULATED,Reuse,TD-IG1,SIM-ANN-1-0034,0,0,0,1.0,decisive
SIMULATED,Reuse,TD-IG1,SIM-ANN-1-0035,1,1,1,1.0,decisive
SIMULATED,Reuse,TD-IG1,SIM-ANN-1-0036,1,1,1,1.0,decisive
SIMULATED,Reuse,TD-IG1,SIM-ANN-1-0037,1,1,-1,1.0,decisive
SIMULATED,Reuse,TD-IG1,SIM-ANN-1-0038,2,1,2,0.3333333333333333,tie
SIMULATED,Reuse,TD-IG1,SIM-ANN-1-0039,1,1,0,0.3333333333333333,decisive
SIMULATED,Reuse,TD-IG1,SIM-ANN-1-0040,1,1,1,1.0,decisive
SIMULATED,Reuse,TD-IG1,SIM-ANN-1-0041,1,1,2,0.3333333333333333,decisive
SIMULATED,Reuse,TD-IG1,SIM-ANN-1-0042,-1,0,0,1.0,decisive
SIMULATED,Reuse,TD-IG1,SIM-ANN-1-0043,0,2,2,0.3333333333333333,tie
SIMULATED,Reuse,TD-IG1,SIM-ANN-1-0044,1,1,-1,1.0,decisive
SIMULATED,Reuse,TD-IG1,SIM-ANN-1-0045,1,1,1,1.0,decisive
SIMULATED,Reuse,TD-IG1,SIM-ANN-1-0046,1,1,1,1.0,decisive
SIMULATED,Reuse,TD-IG1,SIM-ANN-1-0047,-1,1,2,0.0,no consensus
SIMULATED,Reuse,TD-IG1,SIM-ANN-1-0048,0,0,0,1.0,decisive
SIMULATED,Reuse,TD-IG1,SIM-ANN-1-0049,1,2,1,0.3333333333333333,decisive
SIMULATED,Reuse,TD-IG1,SIM-ANN-1-0050,0,0,0,1.0,decisive
SIMULATED,Reuse,TD-IG1,SIM-ANN-1-0051,1,1,-1,1.0,decisive
SIMULATED,Reuse,TD-IG1,SIM-ANN-1-0052,1,-1,0,0.0,no consensus
SIMULATED,Reuse,TD-IG1,SIM-ANN-1-0053,0,1,0,0.3333333333333333,decisive
SIMULATED,Reuse,TD-IG1,SIM-ANN-1-0054,1,0,1,0.3333333333333333,decisive
SIMULATED,Reuse,TD-IG1,SIM-ANN-1-0055,-1,0,0,1.0,decisive
SIMULATED,Reuse,TD-IG1,SIM-ANN-1-0056,0,0,0,1.0,decisive
SIMULATED,Reuse,TD-IG1,SIM-ANN-1-0057,1,1,1,1.0,decisive
SIMULATED,Reuse,TD-IG1,SIM-ANN-1-0058,1,2,1,0.3333333333333333,decisive
SIMULATED,Reuse,TD-IG1,SIM-ANN-1-0059,0,0,0,1.0,decisive
SIMULATED,Reuse,TD-IG1,SIM-ANN-1-0060,1,1,1,1.0,decisive
SIMULATED,Reuse,TD-IG1,SIM-ANN-1-0061,0,-1,0,1.0,decisive
SIMULATED,Reuse,TD-IG1,SIM-ANN-1-0062,0,-1,-1,nan,insufficient votes
SIMULATED,Reuse,TD-IG1,SIM-ANN-1-0063,0,0,1,0.3333333333333333,decisive
SIMULATED,Reuse,TD-IG1,SIM-ANN-1-0064,0,0,0,1.0,decisive
SIMULATED,Reuse,TD-IG1,SIM-ANN-1-0065,1,1,1,1.0,decisive
SIMULATED,Reuse,TD-IG1,SIM-ANN-1-0066,0,0,0,1.0,decisive
SIMULATED,Reuse,TD-IG1,SIM-ANN-1-0067,0,0,0,1.0,decisive
SIMULATED,Reuse,TD-IG1,SIM-ANN-1-0068,2,2,2,1.0,tie
SIMULATED,Reuse,TD-IG1,SIM-ANN-1-0069,0,0,-1,1.0,decisive
SIMULATED,Reuse,TD-IG1,SIM-ANN-1-0070,1,1,0,0.3333333333333333,decisive
SIMULATED,Reuse,TD-IG1,SIM-ANN-1-0071,1,0,1,0.3333333333333333,decisive
SIMULATED,Reuse,TD-IG1,SIM-ANN-1-0072,1,2,2,0.3333333333333333,tie
SIMULATED,Reuse,TD-IG1,SIM-ANN-1-0073,0,0,0,1.0,decisive
SIMULATED,Reuse,TD-IG1,SIM-ANN-1-0074,0,0,0,1.0,decisive
SIMULATED,Reuse,TD-IG1,SIM-ANN-1-0075,1,1,0,0.3333333333333333,decisive
SIMULATED,Reuse,TD-IG1,SIM-ANN-1-0076,1,1,1,1.0,decisive
SIMULATED,Reuse,TD-IG1,SIM-ANN-1-0077,0,0,1,0.3333333333333333,decisive
SIMULATED,Reuse,TD-IG1,SIM-ANN-1-0078,1,0,0,0.3333333333333333,decisive
SIMULATED,Reuse,TD-IG1,SIM-ANN-1-0079,0,0,0,1.0,decisive
SIMULATED,Reuse,TD-IG1,SIM-ANN-1-0080,0,0,0,1.0,decisive
SIMULATED,Reuse,TD-IG1,SIM-ANN-1-0081,0,0,0,1.0,decisive
SIMULATED,Reuse,TD-IG1,SIM-ANN-1-0082,1,1,1,1.0,decisive
SIMULATED,Reuse,TD-IG1,SIM-ANN-1-0083,0,0,2,0.3333333333333333,decisive
SIMULATED,Reuse,TD-IG1,SIM-ANN-1-0084,0,0,2,0.3333333333333333,decisive
SIMULATED,Reuse,TD-IG1,SIM-ANN-1-0085,2,0,0,0.3333333333333333,decisive
SIMULATED,Reuse,TD-IG1,SIM-ANN-1-0086,1,1,2,0.3333333333333333,decisive
SIMULATED,Reuse,TD-IG1,SIM-ANN-1-0087,-1,0,-1,nan,insufficient votes
SIMULATED,Reuse,TD-IG1,SIM-ANN-1-0088,-1,1,-1,nan,insufficient votes
SIMULATED,Reuse,TD-IG1,SIM-ANN-1-0089,0,0,0,1.0,decisive
SIMULATED,Reuse,TD-IG1,SIM-ANN-1-0090,1,1,1,1.0,decisive
SIMULATED,Reuse,TD-IG1,SIM-ANN-1-0091,0,0,-1,1.0,decisive
SIMULATED,Reuse,TD-IG1,SIM-ANN-1-0092,1,1,2,0.3333333333333333,decisive
SIMULATED,Reuse,TD-IG1,SIM-ANN-1-0093,2,1,1,0.3333333333333333,decisive
SIMULATED,Reuse,TD-IG1,SIM-ANN-1-0094,1,1,2,0.3333333333333333,decisive
SIMULATED,Reuse,TD-IG1,SIM-ANN-1-0095,0,0,1,0.3333333333333333,decisive
SIMULATED,Reuse,TD-IG1,SIM-ANN-1-0096,-1,0,-1,nan,insufficient votes
SIMULATED,Reuse,TD-IG1,SIM-ANN-1-0097,1,0,-1,0.0,no consensus
SIMULATED,Reuse,TD-IG1,SIM-ANN-1-0098,0,0,0,1.0,decisive
SIMULATED,Reuse,TD-IG1,SIM-ANN-1-0099,1,1,1,1.0,decisive
SIMULATED,Reuse,TD-IG1,SIM-ANN-1-0100,1,1,1,1.0,decisive
SIMULATED,Reuse,TD-IG1,SIM-ANN-1-0101,1,1,-1,1.0,decisive
SIMULATED,Reuse,TD-IG1,SIM-ANN-1-0102,0,0,-1,1.0,decisive
SIMULATED,Reuse,TD-IG1,SIM-ANN-1-0103,2,2,2,1.0,tie
SIMULATED,Reuse,TD-IG1,SIM-ANN-1-0104,0,-1,0,1.0,decisive
SIMULATED,Reuse,TD-IG1,SIM-ANN-1-0105,1,1,1,1.0,decisive
SIMULATED,Reuse,TD-IG1,SIM-ANN-1-0106,0,0,0,1.0,decisive
SIMULATED,Reuse,TD-IG1,SIM-ANN-1-0107,2,1,1,0.3333333333333333,decisive
SIMULATED,Reuse,TD-IG1,SIM-ANN-1-0108,1,1,1,1.0,decisive
SIMULATED,Reuse,TD-IG1,SIM-ANN-1-0109,1,1,1,1.0,decisive
SIMULATED,Reuse,TD-IG1,SIM-ANN-1-0110,1,1,1,1.0,decisive
SIMULATED,Reuse,TD-IG1,SIM-ANN-1-0111,2,1,1,0.3333333333333333,decisive
SIMULATED,Reuse,TD-IG1,SIM-ANN-1-0112,1,0,1,0.3333333333333333,decisive
SIMULATED,Reuse,TD-IG1,SIM-ANN-1-0113,0,0,0,1.0,decisive
SIMULATED,Reuse,TD-IG1,SIM-ANN-1-0114,1,1,1,1.0,decisive
SIMULATED,Reuse,TD-IG1,SIM-ANN-1-0115,-1,0,2,0.0,no consensus
SIMULATED,Reuse,TD-IG1,SIM-ANN-1-0116,1,1,1,1.0,decisive
SIMULATED,Reuse,TD-IG1,SIM-ANN-1-0117,0,0,0,1.0,decisive
SIMULATED,Reuse,TD-IG1,SIM-ANN-1-0118,0,0,0,1.0,decisive
SIMULATED,Reuse,TD-IG1,SIM-ANN-1-0119,0,0,0,1.0,decisive
SIMULATED,Reuse,TD-IG1,SIM-ANN-1-0120,2,-1,2,1.0,tie
SIMULATED,Reuse,TD-IG1,SIM-ANN-1-0121,1,1,2,0.3333333333333333,decisive
SIMULATED,Reuse,TD-IG1,SIM-ANN-1-0122,0,0,0,1.0,decisive
SIMULATED,Reuse,TD-IG1,SIM-ANN-1-0123,2,2,2,1.0,tie
SIMULATED,Reuse,TD-IG1,SIM-ANN-1-0124,0,0,2,0.3333333333333333,decisive
SIMULATED,Reuse,TD-IG1,SIM-ANN-1-0125,0,1,1,0.3333333333333333,decisive
SIMULATED,Reuse,TD-IG1,SIM-ANN-1-0126,-1,1,1,1.0,decisive
SIMULATED,Reuse,TD-IG1,SIM-ANN-1-0127,-1,1,1,1.0,decisive
SIMULATED,Reuse,TD-IG1,SIM-ANN-1-0128,0,0,2,0.3333333333333333,decisive
SIMULATED,Reuse,TD-IG1,SIM-ANN-1-0129,0,0,0,1.0,decisive
SIMULATED,Reuse,TD-IG1,SIM-ANN-1-0130,1,1,1,1.0,decisive
SIMULATED,Reuse,TD-IG1,SIM-ANN-1-0131,-1,2,2,1.0,tie
SIMULATED,Reuse,TD-IG1,SIM-ANN-1-0132,1,1,1,1.0,decisive
SIMULATED,Reuse,TD-IG1,SIM-ANN-1-0133,-1,2,2,1.0,tie
SIMULATED,Reuse,TD-IG1,SIM-ANN-1-0134,1,0,1,0.3333333333333333,decisive
SIMULATED,Reuse,TD-IG1,SIM-ANN-1-0135,1,1,1,1.0,decisive
SIMULATED,Reuse,TD-IG1,SIM-ANN-1-0136,1,-1,-1,nan,insufficient votes
SIMULATED,Reuse,TD-IG1,SIM-ANN-1-0137,2,2,2,1.0,tie
SIMULATED,Reuse,TD-IG1,SIM-ANN-1-0138,0,0,-1,1.0,decisive
SIMULATED,Reuse,TD-IG1,SIM-ANN-1-0139,0,0,0,1.0,decisive
SIMULATED,Reuse,TD-IG1,SIM-ANN-1-0140,1,1,1,1.0,decisive
SIMULATED,Reuse,TD-IG1,SIM-ANN-1-0141,1,1,-1,1.0,decisive
SIMULATED,Reuse,TD-IG1,SIM-ANN-1-0142,1,1,1,1.0,decisive
SIMULATED,Reuse,TD-IG1,SIM-ANN-1-0143,1,0,1,0.3333333333333333,decisive
SIMULATED,Reuse,TD-IG1,SIM-ANN-1-0144,0,0,0,1.0,decisive
SIMULATED,Reuse,TD-IG1,SIM-ANN-1-0145,0,-1,0,1.0,decisive
SIMULATED,Reuse,TD-IG1,SIM-ANN-1-0146,0,0,0,1.0,decisive
SIMULATED,Reuse,TD-IG1,SIM-ANN-1-0147,0,0,0,1.0,decisive
SIMULATED,Reuse,TD-IG1,SIM-ANN-1-0148,0,0,0,1.0,decisive
SIMULATED,Reuse,TD-IG1,SIM-ANN-1-0149,-1,1,1,1.0,decisive
SIMULATED,Reuse,TD-IG1,SIM-ANN-1-0150,0,0,0,1.0,decisive
SIMULATED,Reuse,TD-IG1,SIM-ANN-1-0151,1,-1,1,1.0,decisive
SIMULATED,Reuse,TD-IG1,SIM-ANN-1-0152,2,2,2,1.0,tie
SIMULATED,Reuse,TD-IG1,SIM-ANN-1-0153,0,0,0,1.0,decisive
SIMULATED,Reuse,TD-IG1,SIM-ANN-1-0154,2,1,1,0.3333333333333333,decisive
SIMULATED,Reuse,TD-IG1,SIM-ANN-1-0155,-1,0,0,1.0,decisive
SIMULATED,Reuse,TD-IG1,SIM-ANN-1-0156,1,1,1,1.0,decisive
SIMULATED,Reuse,TD-IG1,SIM-ANN-1-0157,2,1,1,0.3333333333333333,decisive
SIMULATED,Reuse,TD-IG1,SIM-ANN-1-0158,0,0,0,1.0,decisive
SIMULATED,Reuse,TD-IG1,SIM-ANN-1-0159,1,1,1,1.0,decisive
SIMULATED,Reuse,TD-TG1,SIM-ANN-2-0000,0,0,0,1.0,decisive
SIMULATED,Reuse,TD-TG1,SIM-ANN-2-0001,1,1,1,1.0,decisive
SIMULATED,Reuse,TD-TG1,SIM-ANN-2-0002,1,1,1,1.0,decisive
SIMULATED,Reuse,TD-TG1,SIM-ANN-2-0003,-1,0,0,1.0,decisive
SIMULATED,Reuse,TD-TG1,SIM-ANN-2-0004,0,0,0,1.0,decisive
SIMULATED,Reuse,TD-TG1,SIM-ANN-2-0005,0,0,0,1.0,decisive
SIMULATED,Reuse,TD-TG1,SIM-ANN-2-0006,2,1,2,0.3333333333333333,tie
SIMULATED,Reuse,TD-TG1,SIM-ANN-2-0007,0,0,0,1.0,decisive
SIMULATED,Reuse,TD-TG1,SIM-ANN-2-0008,1,1,1,1.0,decisive
SIMULATED,Reuse,TD-TG1,SIM-ANN-2-0009,0,0,0,1.0,decisive
SIMULATED,Reuse,TD-TG1,SIM-ANN-2-0010,1,1,1,1.0,decisive
SIMULATED,Reuse,TD-TG1,SIM-ANN-2-0011,1,1,1,1.0,decisive
SIMULATED,Reuse,TD-TG1,SIM-ANN-2-0012,1,2,1,0.3333333333333333,decisive
SIMULATED,Reuse,TD-TG1,SIM-ANN-2-0013,2,2,2,1.0,tie
SIMULATED,Reuse,TD-TG1,SIM-ANN-2-0014,1,1,1,1.0,decisive
SIMULATED,Reuse,TD-TG1,SIM-ANN-2-0015,0,0,0,1.0,decisive
SIMULATED,Reuse,TD-TG1,SIM-ANN-2-0016,0,0,-1,1.0,decisive
SIMULATED,Reuse,TD-TG1,SIM-ANN-2-0017,-1,1,-1,nan,insufficient votes
SIMULATED,Reuse,TD-TG1,SIM-ANN-2-0018,1,1,1,1.0,decisive
SIMULATED,Reuse,TD-TG1,SIM-ANN-2-0019,1,1,1,1.0,decisive
SIMULATED,Reuse,TD-TG1,SIM-ANN-2-0020,0,0,0,1.0,decisive
SIMULATED,Reuse,TD-TG1,SIM-ANN-2-0021,2,2,2,1.0,tie
SIMULATED,Reuse,TD-TG1,SIM-ANN-2-0022,1,1,1,1.0,decisive
SIMULATED,Reuse,TD-TG1,SIM-ANN-2-0023,1,1,1,1.0,decisive
SIMULATED,Reuse,TD-TG1,SIM-ANN-2-0024,1,1,1,1.0,decisive
SIMULATED,Reuse,TD-TG1,SIM-ANN-2-0025,1,1,1,1.0,decisive
SIMULATED,Reuse,TD-TG1,SIM-ANN-2-0026,0,0,0,1.0,decisive
SIMULATED,Reuse,TD-TG1,SIM-ANN-2-0027,1,1,1,1.0,decisive
SIMULATED,Reuse,TD-TG1,SIM-ANN-2-0028,1,1,1,1.0,decisive
SIMULATED,Reuse,TD-TG1,SIM-ANN-2-0029,1,1,1,1.0,decisive
SIMULATED,Reuse,TD-TG1,SIM-ANN-2-0030,1,1,1,1.0,decisive
SIMULATED,Reuse,TD-TG1,SIM-ANN-2-0031,1,-1,1,1.0,decisive
SIMULATED,Reuse,TD-TG1,SIM-ANN-2-0032,1,1,1,1.0,decisive
SIMULATED,Reuse,TD-TG1,SIM-ANN-2-0033,1,1,1,1.0,decisive
SIMULATED,Reuse,TD-TG1,SIM-ANN-2-0034,-1,0,0,1.0,decisive
SIMULATED,Reuse,TD-TG1,SIM-ANN-2-0035,1,1,1,1.0,decisive
SIMULATED,Reuse,TD-TG1,SIM-ANN-2-0036,1,1,1,1.0,decisive
SIMULATED,Reuse,TD-TG1,SIM-ANN-2-0037,0,0,0,1.0,decisive
SIMULATED,Reuse,TD-TG1,SIM-ANN-2-0038,1,2,1,0.3333333333333333,decisive
SIMULATED,Reuse,TD-TG1,SIM-ANN-2-0039,1,1,1,1.0,decisive
SIMULATED,Reuse,TD-TG1,SIM-ANN-2-0040,0,1,0,0.3333333333333333,decisive
SIMULATED,Reuse,TD-TG1,SIM-ANN-2-0041,0,0,0,1.0,decisive
SIMULATED,Reuse,TD-TG1,SIM-ANN-2-0042,1,0,0,0.3333333333333333,decisive
SIMULATED,Reuse,TD-TG1,SIM-ANN-2-0043,1,1,1,1.0,decisive
SIMULATED,Reuse,TD-TG1,SIM-ANN-2-0044,1,1,1,1.0,decisive
SIMULATED,Reuse,TD-TG1,SIM-ANN-2-0045,0,0,0,1.0,decisive
SIMULATED,Reuse,TD-TG1,SIM-ANN-2-0046,1,1,1,1.0,decisive
SIMULATED,Reuse,TD-TG1,SIM-ANN-2-0047,0,0,0,1.0,decisive
SIMULATED,Reuse,TD-TG1,SIM-ANN-2-0048,0,0,0,1.0,decisive
SIMULATED,Reuse,TD-TG1,SIM-ANN-2-0049,-1,0,0,1.0,decisive
SIMULATED,Reuse,TD-TG1,SIM-ANN-2-0050,2,2,2,1.0,tie
SIMULATED,Reuse,TD-TG1,SIM-ANN-2-0051,1,1,1,1.0,decisive
SIMULATED,Reuse,TD-TG1,SIM-ANN-2-0052,0,0,0,1.0,decisive
SIMULATED,Reuse,TD-TG1,SIM-ANN-2-0053,1,1,1,1.0,decisive
SIMULATED,Reuse,TD-TG1,SIM-ANN-2-0054,0,0,0,1.0,decisive
SIMULATED,Reuse,TD-TG1,SIM-ANN-2-0055,1,1,1,1.0,decisive
SIMULATED,Reuse,TD-TG1,SIM-ANN-2-0056,1,1,1,1.0,decisive
SIMULATED,Reuse,TD-TG1,SIM-ANN-2-0057,1,1,1,1.0,decisive
SIMULATED,Reuse,TD-TG1,SIM-ANN-2-0058,2,2,2,1.0,tie
SIMULATED,Reuse,TD-TG1,SIM-ANN-2-0059,1,1,1,1.0,decisive
SIMULATED,Reuse,TD-TG1,SIM-ANN-2-0060,1,1,0,0.3333333333333333,decisive
SIMULATED,Reuse,TD-TG1,SIM-ANN-2-0061,0,0,0,1.0,decisive
SIMULATED,Reuse,TD-TG1,SIM-ANN-2-0062,0,0,0,1.0,decisive
SIMULATED,Reuse,TD-TG1,SIM-ANN-2-0063,1,1,1,1.0,decisive
SIMULATED,Reuse,TD-TG1,SIM-ANN-2-0064,1,1,1,1.0,decisive
SIMULATED,Reuse,TD-TG1,SIM-ANN-2-0065,0,0,0,1.0,decisive
SIMULATED,Reuse,TD-TG1,SIM-ANN-2-0066,1,1,2,0.3333333333333333,decisive
SIMULATED,Reuse,TD-TG1,SIM-ANN-2-0067,1,1,1,1.0,decisive
SIMULATED,Reuse,TD-TG1,SIM-ANN-2-0068,0,1,1,0.3333333333333333,decisive
SIMULATED,Reuse,TD-TG1,SIM-ANN-2-0069,1,1,1,1.0,decisive
SIMULATED,Reuse,TD-TG1,SIM-ANN-2-0070,1,1,1,1.0,decisive
SIMULATED,Reuse,TD-TG1,SIM-ANN-2-0071,0,0,0,1.0,decisive
SIMULATED,Reuse,TD-TG1,SIM-ANN-2-0072,1,1,1,1.0,decisive
SIMULATED,Reuse,TD-TG1,SIM-ANN-2-0073,0,0,0,1.0,decisive
SIMULATED,Reuse,TD-TG1,SIM-ANN-2-0074,0,0,0,1.0,decisive
SIMULATED,Reuse,TD-TG1,SIM-ANN-2-0075,1,1,1,1.0,decisive
SIMULATED,Reuse,TD-TG1,SIM-ANN-2-0076,0,0,0,1.0,decisive
SIMULATED,Reuse,TD-TG1,SIM-ANN-2-0077,0,0,0,1.0,decisive
SIMULATED,Reuse,TD-TG1,SIM-ANN-2-0078,1,1,1,1.0,decisive
SIMULATED,Reuse,TD-TG1,SIM-ANN-2-0079,1,1,1,1.0,decisive
SIMULATED,Reuse,TD-TG1,SIM-ANN-2-0080,1,0,0,0.3333333333333333,decisive
SIMULATED,Reuse,TD-TG1,SIM-ANN-2-0081,0,0,0,1.0,decisive
SIMULATED,Reuse,TD-TG1,SIM-ANN-2-0082,0,1,1,0.3333333333333333,decisive
SIMULATED,Reuse,TD-TG1,SIM-ANN-2-0083,1,1,2,0.3333333333333333,decisive
SIMULATED,Reuse,TD-TG1,SIM-ANN-2-0084,0,0,0,1.0,decisive
SIMULATED,Reuse,TD-TG1,SIM-ANN-2-0085,0,0,0,1.0,decisive
SIMULATED,Reuse,TD-TG1,SIM-ANN-2-0086,1,1,1,1.0,decisive
SIMULATED,Reuse,TD-TG1,SIM-ANN-2-0087,1,1,1,1.0,decisive
SIMULATED,Reuse,TD-TG1,SIM-ANN-2-0088,0,0,0,1.0,decisive
SIMULATED,Reuse,TD-TG1,SIM-ANN-2-0089,1,-1,1,1.0,decisive
SIMULATED,Reuse,TD-TG1,SIM-ANN-2-0090,1,1,1,1.0,decisive
SIMULATED,Reuse,TD-TG1,SIM-ANN-2-0091,0,0,0,1.0,decisive
SIMULATED,Reuse,TD-TG1,SIM-ANN-2-0092,0,1,0,0.3333333333333333,decisive
SIMULATED,Reuse,TD-TG1,SIM-ANN-2-0093,0,1,0,0.3333333333333333,decisive
SIMULATED,Reuse,TD-TG1,SIM-ANN-2-0094,2,1,2,0.3333333333333333,tie
SIMULATED,Reuse,TD-TG1,SIM-ANN-2-0095,1,1,1,1.0,decisive
SIMULATED,Reuse,TD-TG1,SIM-ANN-2-0096,1,1,1,1.0,decisive
SIMULATED,Reuse,TD-TG1,SIM-ANN-2-0097,0,0,0,1.0,decisive
SIMULATED,Reuse,TD-TG1,SIM-ANN-2-0098,1,0,1,0.3333333333333333,decisive
SIMULATED,Reuse,TD-TG1,SIM-ANN-2-0099,1,1,1,1.0,decisive
SIMULATED,Reuse,TD-TG1,SIM-ANN-2-0100,0,0,0,1.0,decisive
SIMULATED,Reuse,TD-TG1,SIM-ANN-2-0101,1,1,1,1.0,decisive
SIMULATED,Reuse,TD-TG1,SIM-ANN-2-0102,0,0,0,1.0,decisive
SIMULATED,Reuse,TD-TG1,SIM-ANN-2-0103,1,1,1,1.0,decisive
SIMULATED,Reuse,TD-TG1,SIM-ANN-2-0104,2,2,2,1.0,tie
SIMULATED,Reuse,TD-TG1,SIM-ANN-2-0105,0,0,0,1.0,decisive
SIMULATED,Reuse,TD-TG1,SIM-ANN-2-0106,1,1,1,1.0,decisive
SIMULATED,Reuse,TD-TG1,SIM-ANN-2-0107,0,0,0,1.0,decisive
SIMULATED,Reuse,TD-TG1,SIM-ANN-2-0108,0,0,0,1.0,decisive
SIMULATED,Reuse,TD-TG1,SIM-ANN-2-0109,2,0,0,0.3333333333333333,decisive
SIMULATED,Reuse,TD-TG1,SIM-ANN-2-0110,1,1,1,1.0,decisive
SIMULATED,Reuse,TD-TG1,SIM-ANN-2-0111,0,0,0,1.0,decisive
SIMULATED,Reuse,TD-TG1,SIM-ANN-2-0112,0,0,1,0.3333333333333333,decisive
SIMULATED,Reuse,TD-TG1,SIM-ANN-2-0113,1,1,1,1.0,decisive
SIMULATED,Reuse,TD-TG1,SIM-ANN-2-0114,1,1,2,0.3333333333333333,decisive
SIMULATED,Reuse,TD-TG1,SIM-ANN-2-0115,0,1,0,0.3333333333333333,decisive
SIMULATED,Reuse,TD-TG1,SIM-ANN-2-0116,2,2,2,1.0,tie
SIMULATED,Reuse,TD-TG1,SIM-ANN-2-0117,1,1,1,1.0,decisive
SIMULATED,Reuse,TD-TG1,SIM-ANN-2-0118,0,0,0,1.0,decisive
SIMULATED,Reuse,TD-TG1,SIM-ANN-2-0119,0,0,0,1.0,decisive
SIMULATED,Reuse,TD-TG1,SIM-ANN-2-0120,2,0,0,0.3333333333333333,decisive
SIMULATED,Reuse,TD-TG1,SIM-ANN-2-0121,0,0,0,1.0,decisive
SIMULATED,Reuse,TD-TG1,SIM-ANN-2-0122,1,1,1,1.0,decisive
SIMULATED,Reuse,TD-TG1,SIM-ANN-2-0123,0,2,0,0.3333333333333333,decisive
SIMULATED,Reuse,TD-TG1,SIM-ANN-2-0124,0,2,2,0.3333333333333333,tie
SIMULATED,Reuse,TD-TG1,SIM-ANN-2-0125,1,1,1,1.0,decisive
SIMULATED,Reuse,TD-TG1,SIM-ANN-2-0126,0,0,0,1.0,decisive
SIMULATED,Reuse,TD-TG1,SIM-ANN-2-0127,1,1,1,1.0,decisive
SIMULATED,Reuse,TD-TG1,SIM-ANN-2-0128,1,1,1,1.0,decisive
SIMULATED,Reuse,TD-TG1,SIM-ANN-2-0129,-1,2,0,0.0,no consensus
SIMULATED,Reuse,TD-TG1,SIM-ANN-2-0130,1,1,1,1.0,decisive
SIMULATED,Reuse,TD-TG1,SIM-ANN-2-0131,1,1,2,0.3333333333333333,decisive
SIMULATED,Reuse,TD-TG1,SIM-ANN-2-0132,1,1,1,1.0,decisive
SIMULATED,Reuse,TD-TG1,SIM-ANN-2-0133,1,1,1,1.0,decisive
SIMULATED,Reuse,TD-TG1,SIM-ANN-2-0134,1,1,1,1.0,decisive
SIMULATED,Reuse,TD-TG1,SIM-ANN-2-0135,1,-1,1,1.0,decisive
SIMULATED,Reuse,TD-TG1,SIM-ANN-2-0136,1,1,1,1.0,decisive
SIMULATED,Reuse,TD-TG1,SIM-ANN-2-0137,1,1,1,1.0,decisive
SIMULATED,Reuse,TD-TG1,SIM-ANN-2-0138,0,2,0,0.3333333333333333,decisive
SIMULATED,Reuse,TD-TG1,SIM-ANN-2-0139,1,1,1,1.0,decisive
SIMULATED,Reuse,TD-TG1,SIM-ANN-2-0140,1,1,1,1.0,decisive
SIMULATED,Reuse,TD-TG1,SIM-ANN-2-0141,1,1,1,1.0,decisive
SIMULATED,Reuse,TD-TG1,SIM-ANN-2-0142,0,0,0,1.0,decisive
SIMULATED,Reuse,TD-TG1,SIM-ANN-2-0143,1,1,1,1.0,decisive
SIMULATED,Reuse,TD-TG1,SIM-ANN-2-0144,0,0,0,1.0,decisive
SIMULATED,Reuse,TD-TG1,SIM-ANN-2-0145,1,1,1,1.0,decisive
SIMULATED,Reuse,TD-TG1,SIM-ANN-2-0146,1,1,1,1.0,decisive
SIMULATED,Reuse,TD-TG1,SIM-ANN-2-0147,1,1,1,1.0,decisive
SIMULATED,Reuse,TD-TG1,SIM-ANN-2-0148,1,1,1,1.0,decisive
SIMULATED,Reuse,TD-TG1,SIM-ANN-2-0149,2,2,2,1.0,tie
SIMULATED,Reuse,TD-TG1,SIM-ANN-2-0150,1,2,1,0.3333333333333333,decisive
SIMULATED,Reuse,TD-TG1,SIM-ANN-2-0151,0,0,1,0.3333333333333333,decisive
SIMULATED,Reuse,TD-TG1,SIM-ANN-2-0152,1,1,1,1.0,decisive
SIMULATED,Reuse,TD-TG1,SIM-ANN-2-0153,2,2,2,1.0,tie
SIMULATED,Reuse,TD-TG1,SIM-ANN-2-0154,1,-1,1,1.0,decisive
SIMULATED,Reuse,TD-TG1,SIM-ANN-2-0155,1,-1,0,0.0,no consensus
SIMULATED,Reuse,TD-TG1,SIM-ANN-2-0156,0,0,0,1.0,decisive
SIMULATED,Reuse,TD-TG1,SIM-ANN-2-0157,1,1,1,1.0,decisive
SIMULATED,Reuse,TD-TG1,SIM-ANN-2-0158,0,0,0,1.0,decisive
SIMULATED,Reuse,TD-TG1,SIM-ANN-2-0159,2,2,2,1.0,tie
SIMULATED,Reuse,TD-AR1,SIM-ANN-3-0000,1,-1,1,1.0,decisive
SIMULATED,Reuse,TD-AR1,SIM-ANN-3-0001,-1,2,2,1.0,tie
SIMULATED,Reuse,TD-AR1,SIM-ANN-3-0002,1,0,0,0.3333333333333333,decisive
SIMULATED,Reuse,TD-AR1,SIM-ANN-3-0003,0,0,0,1.0,decisive
SIMULATED,Reuse,TD-AR1,SIM-ANN-3-0004,1,1,-1,1.0,decisive
SIMULATED,Reuse,TD-AR1,SIM-ANN-3-0005,0,0,0,1.0,decisive
SIMULATED,Reuse,TD-AR1,SIM-ANN-3-0006,1,1,1,1.0,decisive
SIMULATED,Reuse,TD-AR1,SIM-ANN-3-0007,1,-1,-1,nan,insufficient votes
SIMULATED,Reuse,TD-AR1,SIM-ANN-3-0008,0,0,0,1.0,decisive
SIMULATED,Reuse,TD-AR1,SIM-ANN-3-0009,2,1,1,0.3333333333333333,decisive
SIMULATED,Reuse,TD-AR1,SIM-ANN-3-0010,1,0,0,0.3333333333333333,decisive
SIMULATED,Reuse,TD-AR1,SIM-ANN-3-0011,0,0,-1,1.0,decisive
SIMULATED,Reuse,TD-AR1,SIM-ANN-3-0012,1,2,1,0.3333333333333333,decisive
SIMULATED,Reuse,TD-AR1,SIM-ANN-3-0013,0,1,1,0.3333333333333333,decisive
SIMULATED,Reuse,TD-AR1,SIM-ANN-3-0014,0,0,0,1.0,decisive
SIMULATED,Reuse,TD-AR1,SIM-ANN-3-0015,1,1,1,1.0,decisive
SIMULATED,Reuse,TD-AR1,SIM-ANN-3-0016,1,1,1,1.0,decisive
SIMULATED,Reuse,TD-AR1,SIM-ANN-3-0017,0,0,0,1.0,decisive
SIMULATED,Reuse,TD-AR1,SIM-ANN-3-0018,1,1,1,1.0,decisive
SIMULATED,Reuse,TD-AR1,SIM-ANN-3-0019,0,1,0,0.3333333333333333,decisive
SIMULATED,Reuse,TD-AR1,SIM-ANN-3-0020,0,-1,0,1.0,decisive
SIMULATED,Reuse,TD-AR1,SIM-ANN-3-0021,2,0,-1,0.0,no consensus
SIMULATED,Reuse,TD-AR1,SIM-ANN-3-0022,2,0,2,0.3333333333333333,tie
SIMULATED,Reuse,TD-AR1,SIM-ANN-3-0023,0,0,0,1.0,decisive
SIMULATED,Reuse,TD-AR1,SIM-ANN-3-0024,0,0,0,1.0,decisive
SIMULATED,Reuse,TD-AR1,SIM-ANN-3-0025,0,0,0,1.0,decisive
SIMULATED,Reuse,TD-AR1,SIM-ANN-3-0026,0,1,0,0.3333333333333333,decisive
SIMULATED,Reuse,TD-AR1,SIM-ANN-3-0027,2,-1,0,0.0,no consensus
SIMULATED,Reuse,TD-AR1,SIM-ANN-3-0028,0,0,0,1.0,decisive
SIMULATED,Reuse,TD-AR1,SIM-ANN-3-0029,1,1,2,0.3333333333333333,decisive
SIMULATED,Reuse,TD-AR1,SIM-ANN-3-0030,1,1,2,0.3333333333333333,decisive
SIMULATED,Reuse,TD-AR1,SIM-ANN-3-0031,1,-1,2,0.0,no consensus
SIMULATED,Reuse,TD-AR1,SIM-ANN-3-0032,1,1,1,1.0,decisive
SIMULATED,Reuse,TD-AR1,SIM-ANN-3-0033,-1,0,1,0.0,no consensus
SIMULATED,Reuse,TD-AR1,SIM-ANN-3-0034,1,1,-1,1.0,decisive
SIMULATED,Reuse,TD-AR1,SIM-ANN-3-0035,0,-1,0,1.0,decisive
SIMULATED,Reuse,TD-AR1,SIM-ANN-3-0036,1,1,-1,1.0,decisive
SIMULATED,Reuse,TD-AR1,SIM-ANN-3-0037,0,0,0,1.0,decisive
SIMULATED,Reuse,TD-AR1,SIM-ANN-3-0038,0,0,0,1.0,decisive
SIMULATED,Reuse,TD-AR1,SIM-ANN-3-0039,0,0,0,1.0,decisive
SIMULATED,Reuse,TD-AR1,SIM-ANN-3-0040,1,-1,1,1.0,decisive
SIMULATED,Reuse,TD-AR1,SIM-ANN-3-0041,-1,-1,2,nan,insufficient votes
SIMULATED,Reuse,TD-AR1,SIM-ANN-3-0042,0,0,2,0.3333333333333333,decisive
SIMULATED,Reuse,TD-AR1,SIM-ANN-3-0043,2,0,0,0.3333333333333333,decisive
SIMULATED,Reuse,TD-AR1,SIM-ANN-3-0044,0,0,0,1.0,decisive
SIMULATED,Reuse,TD-AR1,SIM-ANN-3-0045,0,0,0,1.0,decisive
SIMULATED,Reuse,TD-AR1,SIM-ANN-3-0046,1,1,0,0.3333333333333333,decisive
SIMULATED,Reuse,TD-AR1,SIM-ANN-3-0047,1,0,0,0.3333333333333333,decisive
SIMULATED,Reuse,TD-AR1,SIM-ANN-3-0048,1,-1,-1,nan,insufficient votes
SIMULATED,Reuse,TD-AR1,SIM-ANN-3-0049,-1,-1,2,nan,insufficient votes
SIMULATED,Reuse,TD-AR1,SIM-ANN-3-0050,1,1,1,1.0,decisive
SIMULATED,Reuse,TD-AR1,SIM-ANN-3-0051,0,0,0,1.0,decisive
SIMULATED,Reuse,TD-AR1,SIM-ANN-3-0052,1,0,0,0.3333333333333333,decisive
SIMULATED,Reuse,TD-AR1,SIM-ANN-3-0053,0,0,1,0.3333333333333333,decisive
SIMULATED,Reuse,TD-AR1,SIM-ANN-3-0054,0,0,2,0.3333333333333333,decisive
SIMULATED,Reuse,TD-AR1,SIM-ANN-3-0055,0,0,0,1.0,decisive
SIMULATED,Reuse,TD-AR1,SIM-ANN-3-0056,0,-1,0,1.0,decisive
SIMULATED,Reuse,TD-AR1,SIM-ANN-3-0057,0,-1,0,1.0,decisive
SIMULATED,Reuse,TD-AR1,SIM-ANN-3-0058,1,1,2,0.3333333333333333,decisive
SIMULATED,Reuse,TD-AR1,SIM-ANN-3-0059,1,1,1,1.0,decisive
SIMULATED,Reuse,TD-AR1,SIM-ANN-3-0060,0,-1,2,0.0,no consensus
SIMULATED,Reuse,TD-AR1,SIM-ANN-3-0061,0,0,0,1.0,decisive
SIMULATED,Reuse,TD-AR1,SIM-ANN-3-0062,1,1,-1,1.0,decisive
SIMULATED,Reuse,TD-AR1,SIM-ANN-3-0063,1,1,1,1.0,decisive
SIMULATED,Reuse,TD-AR1,SIM-ANN-3-0064,0,0,-1,1.0,decisive
SIMULATED,Reuse,TD-AR1,SIM-ANN-3-0065,1,2,2,0.3333333333333333,tie
SIMULATED,Reuse,TD-AR1,SIM-ANN-3-0066,2,1,-1,0.0,no consensus
SIMULATED,Reuse,TD-AR1,SIM-ANN-3-0067,0,-1,2,0.0,no consensus
SIMULATED,Reuse,TD-AR1,SIM-ANN-3-0068,0,2,0,0.3333333333333333,decisive
SIMULATED,Reuse,TD-AR1,SIM-ANN-3-0069,1,2,-1,0.0,no consensus
SIMULATED,Reuse,TD-AR1,SIM-ANN-3-0070,0,0,0,1.0,decisive
SIMULATED,Reuse,TD-AR1,SIM-ANN-3-0071,0,1,0,0.3333333333333333,decisive
SIMULATED,Reuse,TD-AR1,SIM-ANN-3-0072,0,0,0,1.0,decisive
SIMULATED,Reuse,TD-AR1,SIM-ANN-3-0073,0,0,-1,1.0,decisive
SIMULATED,Reuse,TD-AR1,SIM-ANN-3-0074,0,-1,0,1.0,decisive
SIMULATED,Reuse,TD-AR1,SIM-ANN-3-0075,0,2,0,0.3333333333333333,decisive
SIMULATED,Reuse,TD-AR1,SIM-ANN-3-0076,1,1,1,1.0,decisive
SIMULATED,Reuse,TD-AR1,SIM-ANN-3-0077,-1,1,-1,nan,insufficient votes
SIMULATED,Reuse,TD-AR1,SIM-ANN-3-0078,0,1,-1,0.0,no consensus
SIMULATED,Reuse,TD-AR1,SIM-ANN-3-0079,1,1,1,1.0,decisive
SIMULATED,Reuse,TD-AR1,SIM-ANN-3-0080,1,1,1,1.0,decisive
SIMULATED,Reuse,TD-AR1,SIM-ANN-3-0081,0,0,0,1.0,decisive
SIMULATED,Reuse,TD-AR1,SIM-ANN-3-0082,0,0,0,1.0,decisive
SIMULATED,Reuse,TD-AR1,SIM-ANN-3-0083,2,1,1,0.3333333333333333,decisive
SIMULATED,Reuse,TD-AR1,SIM-ANN-3-0084,0,2,-1,0.0,no consensus
SIMULATED,Reuse,TD-AR1,SIM-ANN-3-0085,-1,1,1,1.0,decisive
SIMULATED,Reuse,TD-AR1,SIM-ANN-3-0086,0,0,0,1.0,decisive
SIMULATED,Reuse,TD-AR1,SIM-ANN-3-0087,1,0,1,0.3333333333333333,decisive
SIMULATED,Reuse,TD-AR1,SIM-ANN-3-0088,0,0,0,1.0,decisive
SIMULATED,Reuse,TD-AR1,SIM-ANN-3-0089,-1,2,2,1.0,tie
SIMULATED,Reuse,TD-AR1,SIM-ANN-3-0090,1,-1,1,1.0,decisive
SIMULATED,Reuse,TD-AR1,SIM-ANN-3-0091,1,1,1,1.0,decisive
SIMULATED,Reuse,TD-AR1,SIM-ANN-3-0092,1,1,0,0.3333333333333333,decisive
SIMULATED,Reuse,TD-AR1,SIM-ANN-3-0093,1,0,0,0.3333333333333333,decisive
SIMULATED,Reuse,TD-AR1,SIM-ANN-3-0094,0,0,0,1.0,decisive
SIMULATED,Reuse,TD-AR1,SIM-ANN-3-0095,0,0,0,1.0,decisive
SIMULATED,Reuse,TD-AR1,SIM-ANN-3-0096,0,1,1,0.3333333333333333,decisive
SIMULATED,Reuse,TD-AR1,SIM-ANN-3-0097,1,1,1,1.0,decisive
SIMULATED,Reuse,TD-AR1,SIM-ANN-3-0098,0,0,0,1.0,decisive
SIMULATED,Reuse,TD-AR1,SIM-ANN-3-0099,0,-1,-1,nan,insufficient votes
SIMULATED,Reuse,TD-AR1,SIM-ANN-3-0100,1,1,0,0.3333333333333333,decisive
SIMULATED,Reuse,TD-AR1,SIM-ANN-3-0101,1,2,1,0.3333333333333333,decisive
SIMULATED,Reuse,TD-AR1,SIM-ANN-3-0102,0,0,0,1.0,decisive
SIMULATED,Reuse,TD-AR1,SIM-ANN-3-0103,0,2,0,0.3333333333333333,decisive
SIMULATED,Reuse,TD-AR1,SIM-ANN-3-0104,2,2,2,1.0,tie
SIMULATED,Reuse,TD-AR1,SIM-ANN-3-0105,1,1,1,1.0,decisive
SIMULATED,Reuse,TD-AR1,SIM-ANN-3-0106,1,1,1,1.0,decisive
SIMULATED,Reuse,TD-AR1,SIM-ANN-3-0107,2,0,0,0.3333333333333333,decisive
SIMULATED,Reuse,TD-AR1,SIM-ANN-3-0108,-1,2,-1,nan,insufficient votes
SIMULATED,Reuse,TD-AR1,SIM-ANN-3-0109,0,0,0,1.0,decisive
SIMULATED,Reuse,TD-AR1,SIM-ANN-3-0110,2,2,1,0.3333333333333333,tie
SIMULATED,Reuse,TD-AR1,SIM-ANN-3-0111,0,0,0,1.0,decisive
SIMULATED,Reuse,TD-AR1,SIM-ANN-3-0112,1,2,1,0.3333333333333333,decisive
SIMULATED,Reuse,TD-AR1,SIM-ANN-3-0113,0,0,0,1.0,decisive
SIMULATED,Reuse,TD-AR1,SIM-ANN-3-0114,0,0,0,1.0,decisive
SIMULATED,Reuse,TD-AR1,SIM-ANN-3-0115,-1,0,0,1.0,decisive
SIMULATED,Reuse,TD-AR1,SIM-ANN-3-0116,1,1,1,1.0,decisive
SIMULATED,Reuse,TD-AR1,SIM-ANN-3-0117,0,0,0,1.0,decisive
SIMULATED,Reuse,TD-AR1,SIM-ANN-3-0118,1,1,1,1.0,decisive
SIMULATED,Reuse,TD-AR1,SIM-ANN-3-0119,0,0,1,0.3333333333333333,decisive
SIMULATED,Reuse,TD-AR1,SIM-ANN-3-0120,0,2,0,0.3333333333333333,decisive
SIMULATED,Reuse,TD-AR1,SIM-ANN-3-0121,2,2,2,1.0,tie
SIMULATED,Reuse,TD-AR1,SIM-ANN-3-0122,0,0,1,0.3333333333333333,decisive
SIMULATED,Reuse,TD-AR1,SIM-ANN-3-0123,2,1,1,0.3333333333333333,decisive
SIMULATED,Reuse,TD-AR1,SIM-ANN-3-0124,1,-1,1,1.0,decisive
SIMULATED,Reuse,TD-AR1,SIM-ANN-3-0125,1,1,0,0.3333333333333333,decisive
SIMULATED,Reuse,TD-AR1,SIM-ANN-3-0126,-1,-1,1,nan,insufficient votes
SIMULATED,Reuse,TD-AR1,SIM-ANN-3-0127,-1,1,-1,nan,insufficient votes
SIMULATED,Reuse,TD-AR1,SIM-ANN-3-0128,0,0,0,1.0,decisive
SIMULATED,Reuse,TD-AR1,SIM-ANN-3-0129,0,0,-1,1.0,decisive
SIMULATED,Reuse,TD-AR1,SIM-ANN-3-0130,1,1,1,1.0,decisive
SIMULATED,Reuse,TD-AR1,SIM-ANN-3-0131,1,1,1,1.0,decisive
SIMULATED,Reuse,TD-AR1,SIM-ANN-3-0132,-1,1,1,1.0,decisive
SIMULATED,Reuse,TD-AR1,SIM-ANN-3-0133,0,1,1,0.3333333333333333,decisive
SIMULATED,Reuse,TD-AR1,SIM-ANN-3-0134,0,-1,0,1.0,decisive
SIMULATED,Reuse,TD-AR1,SIM-ANN-3-0135,0,0,0,1.0,decisive
SIMULATED,Reuse,TD-AR1,SIM-ANN-3-0136,0,0,0,1.0,decisive
SIMULATED,Reuse,TD-AR1,SIM-ANN-3-0137,1,1,-1,1.0,decisive
SIMULATED,Reuse,TD-AR1,SIM-ANN-3-0138,1,1,1,1.0,decisive
SIMULATED,Reuse,TD-AR1,SIM-ANN-3-0139,1,-1,-1,nan,insufficient votes
SIMULATED,Reuse,TD-AR1,SIM-ANN-3-0140,-1,1,-1,nan,insufficient votes
SIMULATED,Reuse,TD-AR1,SIM-ANN-3-0141,0,0,0,1.0,decisive
SIMULATED,Reuse,TD-AR1,SIM-ANN-3-0142,-1,0,0,1.0,decisive
SIMULATED,Reuse,TD-AR1,SIM-ANN-3-0143,-1,-1,-1,nan,insufficient votes
SIMULATED,Reuse,TD-AR1,SIM-ANN-3-0144,0,0,-1,1.0,decisive
SIMULATED,Reuse,TD-AR1,SIM-ANN-3-0145,0,0,0,1.0,decisive
SIMULATED,Reuse,TD-AR1,SIM-ANN-3-0146,0,1,1,0.3333333333333333,decisive
SIMULATED,Reuse,TD-AR1,SIM-ANN-3-0147,0,-1,0,1.0,decisive
SIMULATED,Reuse,TD-AR1,SIM-ANN-3-0148,0,0,0,1.0,decisive
SIMULATED,Reuse,TD-AR1,SIM-ANN-3-0149,2,1,1,0.3333333333333333,decisive
SIMULATED,Reuse,TD-AR1,SIM-ANN-3-0150,1,2,0,0.0,no consensus
SIMULATED,Reuse,TD-AR1,SIM-ANN-3-0151,0,0,0,1.0,decisive
SIMULATED,Reuse,TD-AR1,SIM-ANN-3-0152,0,0,0,1.0,decisive
SIMULATED,Reuse,TD-AR1,SIM-ANN-3-0153,0,1,1,0.3333333333333333,decisive
SIMULATED,Reuse,TD-AR1,SIM-ANN-3-0154,-1,1,1,1.0,decisive
SIMULATED,Reuse,TD-AR1,SIM-ANN-3-0155,-1,1,1,1.0,decisive
SIMULATED,Reuse,TD-AR1,SIM-ANN-3-0156,-1,-1,2,nan,insufficient votes
SIMULATED,Reuse,TD-AR1,SIM-ANN-3-0157,-1,0,0,1.0,decisive
SIMULATED,Reuse,TD-AR1,SIM-ANN-3-0158,-1,0,0,1.0,decisive
SIMULATED,Reuse,TD-AR1,SIM-ANN-3-0159,-1,1,1,1.0,decisive
SIMULATED,Collect,TD-SV2,SIM-ANN-4-0000,0,0,0,1.0,decisive
SIMULATED,Collect,TD-SV2,SIM-ANN-4-0001,0,0,-1,1.0,decisive
SIMULATED,Collect,TD-SV2,SIM-ANN-4-0002,1,1,1,1.0,decisive
SIMULATED,Collect,TD-SV2,SIM-ANN-4-0003,-1,-1,1,nan,insufficient votes
SIMULATED,Collect,TD-SV2,SIM-ANN-4-0004,1,1,-1,1.0,decisive
SIMULATED,Collect,TD-SV2,SIM-ANN-4-0005,1,2,1,0.3333333333333333,decisive
SIMULATED,Collect,TD-SV2,SIM-ANN-4-0006,2,2,0,0.3333333333333333,tie
SIMULATED,Collect,TD-SV2,SIM-ANN-4-0007,0,0,0,1.0,decisive
SIMULATED,Collect,TD-SV2,SIM-ANN-4-0008,1,1,-1,1.0,decisive
SIMULATED,Collect,TD-SV2,SIM-ANN-4-0009,1,1,2,0.3333333333333333,decisive
SIMULATED,Collect,TD-SV2,SIM-ANN-4-0010,1,1,1,1.0,decisive
SIMULATED,Collect,TD-SV2,SIM-ANN-4-0011,0,0,1,0.3333333333333333,decisive
SIMULATED,Collect,TD-SV2,SIM-ANN-4-0012,0,1,0,0.3333333333333333,decisive
SIMULATED,Collect,TD-SV2,SIM-ANN-4-0013,0,0,0,1.0,decisive
SIMULATED,Collect,TD-SV2,SIM-ANN-4-0014,1,-1,2,0.0,no consensus
SIMULATED,Collect,TD-SV2,SIM-ANN-4-0015,2,1,1,0.3333333333333333,decisive
SIMULATED,Collect,TD-SV2,SIM-ANN-4-0016,1,1,0,0.3333333333333333,decisive
SIMULATED,Collect,TD-SV2,SIM-ANN-4-0017,1,1,1,1.0,decisive
SIMULATED,Collect,TD-SV2,SIM-ANN-4-0018,0,0,-1,1.0,decisive
SIMULATED,Collect,TD-SV2,SIM-ANN-4-0019,1,1,-1,1.0,decisive
SIMULATED,Collect,TD-SV2,SIM-ANN-4-0020,1,1,1,1.0,decisive
SIMULATED,Collect,TD-SV2,SIM-ANN-4-0021,1,1,1,1.0,decisive
SIMULATED,Collect,TD-SV2,SIM-ANN-4-0022,0,1,0,0.3333333333333333,decisive
SIMULATED,Collect,TD-SV2,SIM-ANN-4-0023,0,0,0,1.0,decisive
SIMULATED,Collect,TD-SV2,SIM-ANN-4-0024,1,1,1,1.0,decisive
SIMULATED,Collect,TD-SV2,SIM-ANN-4-0025,1,1,1,1.0,decisive
SIMULATED,Collect,TD-SV2,SIM-ANN-4-0026,2,1,1,0.3333333333333333,decisive
SIMULATED,Collect,TD-SV2,SIM-ANN-4-0027,0,0,0,1.0,decisive
SIMULATED,Collect,TD-SV2,SIM-ANN-4-0028,0,0,2,0.3333333333333333,decisive
SIMULATED,Collect,TD-SV2,SIM-ANN-4-0029,1,1,1,1.0,decisive
SIMULATED,Collect,TD-SV2,SIM-ANN-4-0030,0,0,0,1.0,decisive
SIMULATED,Collect,TD-SV2,SIM-ANN-4-0031,2,2,2,1.0,tie
SIMULATED,Collect,TD-SV2,SIM-ANN-4-0032,1,1,1,1.0,decisive
SIMULATED,Collect,TD-SV2,SIM-ANN-4-0033,0,0,1,0.3333333333333333,decisive
SIMULATED,Collect,TD-SV2,SIM-ANN-4-0034,0,-1,-1,nan,insufficient votes
SIMULATED,Collect,TD-SV2,SIM-ANN-4-0035,0,0,0,1.0,decisive
SIMULATED,Collect,TD-SV2,SIM-ANN-4-0036,1,1,1,1.0,decisive
SIMULATED,Collect,TD-SV2,SIM-ANN-4-0037,0,0,0,1.0,decisive
SIMULATED,Collect,TD-SV2,SIM-ANN-4-0038,0,-1,0,1.0,decisive
SIMULATED,Collect,TD-SV2,SIM-ANN-4-0039,1,1,1,1.0,decisive
SIMULATED,Collect,TD-SV2,SIM-ANN-4-0040,-1,1,1,1.0,decisive
SIMULATED,Collect,TD-SV2,SIM-ANN-4-0041,1,1,1,1.0,decisive
SIMULATED,Collect,TD-SV2,SIM-ANN-4-0042,1,1,1,1.0,decisive
SIMULATED,Collect,TD-SV2,SIM-ANN-4-0043,1,1,0,0.3333333333333333,decisive
SIMULATED,Collect,TD-SV2,SIM-ANN-4-0044,0,0,0,1.0,decisive
SIMULATED,Collect,TD-SV2,SIM-ANN-4-0045,1,1,1,1.0,decisive
SIMULATED,Collect,TD-SV2,SIM-ANN-4-0046,0,-1,0,1.0,decisive
SIMULATED,Collect,TD-SV2,SIM-ANN-4-0047,1,1,1,1.0,decisive
SIMULATED,Collect,TD-SV2,SIM-ANN-4-0048,0,0,0,1.0,decisive
SIMULATED,Collect,TD-SV2,SIM-ANN-4-0049,1,1,1,1.0,decisive
SIMULATED,Collect,TD-SV2,SIM-ANN-4-0050,0,-1,0,1.0,decisive
SIMULATED,Collect,TD-SV2,SIM-ANN-4-0051,0,0,0,1.0,decisive
SIMULATED,Collect,TD-SV2,SIM-ANN-4-0052,0,0,0,1.0,decisive
SIMULATED,Collect,TD-SV2,SIM-ANN-4-0053,0,0,0,1.0,decisive
SIMULATED,Collect,TD-SV2,SIM-ANN-4-0054,0,0,0,1.0,decisive
SIMULATED,Collect,TD-SV2,SIM-ANN-4-0055,1,2,1,0.3333333333333333,decisive
SIMULATED,Collect,TD-SV2,SIM-ANN-4-0056,1,1,1,1.0,decisive
SIMULATED,Collect,TD-SV2,SIM-ANN-4-0057,1,1,-1,1.0,decisive
SIMULATED,Collect,TD-SV2,SIM-ANN-4-0058,1,1,1,1.0,decisive
SIMULATED,Collect,TD-SV2,SIM-ANN-4-0059,1,0,0,0.3333333333333333,decisive
SIMULATED,Collect,TD-SV2,SIM-ANN-4-0060,1,1,1,1.0,decisive
SIMULATED,Collect,TD-SV2,SIM-ANN-4-0061,0,0,1,0.3333333333333333,decisive
SIMULATED,Collect,TD-SV2,SIM-ANN-4-0062,1,1,2,0.3333333333333333,decisive
SIMULATED,Collect,TD-SV2,SIM-ANN-4-0063,0,0,0,1.0,decisive
SIMULATED,Collect,TD-SV2,SIM-ANN-4-0064,2,1,1,0.3333333333333333,decisive
SIMULATED,Collect,TD-SV2,SIM-ANN-4-0065,0,0,0,1.0,decisive
SIMULATED,Collect,TD-SV2,SIM-ANN-4-0066,0,0,0,1.0,decisive
SIMULATED,Collect,TD-SV2,SIM-ANN-4-0067,1,1,1,1.0,decisive
SIMULATED,Collect,TD-SV2,SIM-ANN-4-0068,1,1,2,0.3333333333333333,decisive
SIMULATED,Collect,TD-SV2,SIM-ANN-4-0069,-1,2,2,1.0,tie
SIMULATED,Collect,TD-SV2,SIM-ANN-4-0070,0,0,0,1.0,decisive
SIMULATED,Collect,TD-SV2,SIM-ANN-4-0071,1,0,-1,0.0,no consensus
SIMULATED,Collect,TD-SV2,SIM-ANN-4-0072,1,-1,1,1.0,decisive
SIMULATED,Collect,TD-SV2,SIM-ANN-4-0073,0,0,0,1.0,decisive
SIMULATED,Collect,TD-SV2,SIM-ANN-4-0074,1,0,2,0.0,no consensus
SIMULATED,Collect,TD-SV2,SIM-ANN-4-0075,1,1,1,1.0,decisive
SIMULATED,Collect,TD-SV2,SIM-ANN-4-0076,2,0,2,0.3333333333333333,tie
SIMULATED,Collect,TD-SV2,SIM-ANN-4-0077,0,0,-1,1.0,decisive
SIMULATED,Collect,TD-SV2,SIM-ANN-4-0078,0,2,0,0.3333333333333333,decisive
SIMULATED,Collect,TD-SV2,SIM-ANN-4-0079,0,0,0,1.0,decisive
SIMULATED,Collect,TD-SV2,SIM-ANN-4-0080,1,1,1,1.0,decisive
SIMULATED,Collect,TD-SV2,SIM-ANN-4-0081,1,0,1,0.3333333333333333,decisive
SIMULATED,Collect,TD-SV2,SIM-ANN-4-0082,-1,1,1,1.0,decisive
SIMULATED,Collect,TD-SV2,SIM-ANN-4-0083,1,1,1,1.0,decisive
SIMULATED,Collect,TD-SV2,SIM-ANN-4-0084,0,-1,0,1.0,decisive
SIMULATED,Collect,TD-SV2,SIM-ANN-4-0085,1,1,1,1.0,decisive
SIMULATED,Collect,TD-SV2,SIM-ANN-4-0086,0,0,0,1.0,decisive
SIMULATED,Collect,TD-SV2,SIM-ANN-4-0087,1,1,1,1.0,decisive
SIMULATED,Collect,TD-SV2,SIM-ANN-4-0088,1,1,1,1.0,decisive
SIMULATED,Collect,TD-SV2,SIM-ANN-4-0089,1,1,1,1.0,decisive
SIMULATED,Collect,TD-SV2,SIM-ANN-4-0090,0,0,1,0.3333333333333333,decisive
SIMULATED,Collect,TD-SV2,SIM-ANN-4-0091,1,2,1,0.3333333333333333,decisive
SIMULATED,Collect,TD-SV2,SIM-ANN-4-0092,0,0,0,1.0,decisive
SIMULATED,Collect,TD-SV2,SIM-ANN-4-0093,0,0,0,1.0,decisive
SIMULATED,Collect,TD-SV2,SIM-ANN-4-0094,2,2,2,1.0,tie
SIMULATED,Collect,TD-SV2,SIM-ANN-4-0095,0,0,0,1.0,decisive
SIMULATED,Collect,TD-SV2,SIM-ANN-4-0096,1,1,1,1.0,decisive
SIMULATED,Collect,TD-SV2,SIM-ANN-4-0097,2,0,0,0.3333333333333333,decisive
SIMULATED,Collect,TD-SV2,SIM-ANN-4-0098,0,0,-1,1.0,decisive
SIMULATED,Collect,TD-SV2,SIM-ANN-4-0099,-1,2,1,0.0,no consensus
SIMULATED,Collect,TD-SV2,SIM-ANN-4-0100,-1,-1,0,nan,insufficient votes
SIMULATED,Collect,TD-SV2,SIM-ANN-4-0101,1,1,-1,1.0,decisive
SIMULATED,Collect,TD-SV2,SIM-ANN-4-0102,0,0,0,1.0,decisive
SIMULATED,Collect,TD-SV2,SIM-ANN-4-0103,-1,1,1,1.0,decisive
SIMULATED,Collect,TD-SV2,SIM-ANN-4-0104,0,1,1,0.3333333333333333,decisive
SIMULATED,Collect,TD-SV2,SIM-ANN-4-0105,2,1,1,0.3333333333333333,decisive
SIMULATED,Collect,TD-SV2,SIM-ANN-4-0106,0,0,0,1.0,decisive
SIMULATED,Collect,TD-SV2,SIM-ANN-4-0107,0,0,0,1.0,decisive
SIMULATED,Collect,TD-SV2,SIM-ANN-4-0108,1,2,2,0.3333333333333333,tie
SIMULATED,Collect,TD-SV2,SIM-ANN-4-0109,1,1,1,1.0,decisive
SIMULATED,Collect,TD-SV2,SIM-ANN-4-0110,0,1,2,0.0,no consensus
SIMULATED,Collect,TD-SV2,SIM-ANN-4-0111,1,1,1,1.0,decisive
SIMULATED,Collect,TD-SV2,SIM-ANN-4-0112,1,-1,1,1.0,decisive
SIMULATED,Collect,TD-SV2,SIM-ANN-4-0113,1,1,1,1.0,decisive
SIMULATED,Collect,TD-SV2,SIM-ANN-4-0114,1,2,1,0.3333333333333333,decisive
SIMULATED,Collect,TD-SV2,SIM-ANN-4-0115,0,-1,0,1.0,decisive
SIMULATED,Collect,TD-SV2,SIM-ANN-4-0116,1,1,1,1.0,decisive
SIMULATED,Collect,TD-SV2,SIM-ANN-4-0117,2,0,0,0.3333333333333333,decisive
SIMULATED,Collect,TD-SV2,SIM-ANN-4-0118,0,0,-1,1.0,decisive
SIMULATED,Collect,TD-SV2,SIM-ANN-4-0119,-1,1,1,1.0,decisive
SIMULATED,Collect,TD-SV2,SIM-ANN-4-0120,0,0,0,1.0,decisive
SIMULATED,Collect,TD-SV2,SIM-ANN-4-0121,0,2,0,0.3333333333333333,decisive
SIMULATED,Collect,TD-SV2,SIM-ANN-4-0122,2,0,0,0.3333333333333333,decisive
SIMULATED,Collect,TD-SV2,SIM-ANN-4-0123,0,0,0,1.0,decisive
SIMULATED,Collect,TD-SV2,SIM-ANN-4-0124,0,2,0,0.3333333333333333,decisive
SIMULATED,Collect,TD-SV2,SIM-ANN-4-0125,1,1,1,1.0,decisive
SIMULATED,Collect,TD-SV2,SIM-ANN-4-0126,0,1,1,0.3333333333333333,decisive
SIMULATED,Collect,TD-SV2,SIM-ANN-4-0127,0,1,1,0.3333333333333333,decisive
SIMULATED,Collect,TD-SV2,SIM-ANN-4-0128,1,1,1,1.0,decisive
SIMULATED,Collect,TD-SV2,SIM-ANN-4-0129,2,1,1,0.3333333333333333,decisive
SIMULATED,Collect,TD-SV2,SIM-ANN-4-0130,0,0,0,1.0,decisive
SIMULATED,Collect,TD-SV2,SIM-ANN-4-0131,1,1,1,1.0,decisive
SIMULATED,Collect,TD-SV2,SIM-ANN-4-0132,1,1,1,1.0,decisive
SIMULATED,Collect,TD-SV2,SIM-ANN-4-0133,0,1,0,0.3333333333333333,decisive
SIMULATED,Collect,TD-SV2,SIM-ANN-4-0134,2,-1,-1,nan,insufficient votes
SIMULATED,Collect,TD-SV2,SIM-ANN-4-0135,0,0,0,1.0,decisive
SIMULATED,Collect,TD-SV2,SIM-ANN-4-0136,0,0,0,1.0,decisive
SIMULATED,Collect,TD-SV2,SIM-ANN-4-0137,-1,-1,1,nan,insufficient votes
SIMULATED,Collect,TD-SV2,SIM-ANN-4-0138,0,0,0,1.0,decisive
SIMULATED,Collect,TD-SV2,SIM-ANN-4-0139,1,1,1,1.0,decisive
SIMULATED,Collect,TD-SV2,SIM-ANN-4-0140,-1,0,0,1.0,decisive
SIMULATED,Collect,TD-SV2,SIM-ANN-4-0141,2,2,2,1.0,tie
SIMULATED,Collect,TD-SV2,SIM-ANN-4-0142,2,2,2,1.0,tie
SIMULATED,Collect,TD-SV2,SIM-ANN-4-0143,1,1,1,1.0,decisive
SIMULATED,Collect,TD-SV2,SIM-ANN-4-0144,-1,1,1,1.0,decisive
SIMULATED,Collect,TD-SV2,SIM-ANN-4-0145,0,0,0,1.0,decisive
SIMULATED,Collect,TD-SV2,SIM-ANN-4-0146,0,0,0,1.0,decisive
SIMULATED,Collect,TD-SV2,SIM-ANN-4-0147,1,1,1,1.0,decisive
SIMULATED,Collect,TD-SV2,SIM-ANN-4-0148,2,1,1,0.3333333333333333,decisive
SIMULATED,Collect,TD-SV2,SIM-ANN-4-0149,0,0,0,1.0,decisive
SIMULATED,Collect,TD-SV2,SIM-ANN-4-0150,1,1,1,1.0,decisive
SIMULATED,Collect,TD-SV2,SIM-ANN-4-0151,2,-1,2,1.0,tie
SIMULATED,Collect,TD-SV2,SIM-ANN-4-0152,1,1,-1,1.0,decisive
SIMULATED,Collect,TD-SV2,SIM-ANN-4-0153,0,-1,0,1.0,decisive
SIMULATED,Collect,TD-SV2,SIM-ANN-4-0154,0,0,0,1.0,decisive
SIMULATED,Collect,TD-SV2,SIM-ANN-4-0155,1,1,1,1.0,decisive
SIMULATED,Collect,TD-SV2,SIM-ANN-4-0156,0,0,0,1.0,decisive
SIMULATED,Collect,TD-SV2,SIM-ANN-4-0157,-1,0,0,1.0,decisive
SIMULATED,Collect,TD-SV2,SIM-ANN-4-0158,0,-1,1,0.0,no consensus
SIMULATED,Collect,TD-SV2,SIM-ANN-4-0159,1,1,1,1.0,decisive
SIMULATED,Collect,TD-IG3,SIM-ANN-5-0000,2,2,1,0.3333333333333333,tie
SIMULATED,Collect,TD-IG3,SIM-ANN-5-0001,1,1,1,1.0,decisive
SIMULATED,Collect,TD-IG3,SIM-ANN-5-0002,2,2,-1,1.0,tie
SIMULATED,Collect,TD-IG3,SIM-ANN-5-0003,0,0,0,1.0,decisive
SIMULATED,Collect,TD-IG3,SIM-ANN-5-0004,0,2,0,0.3333333333333333,decisive
SIMULATED,Collect,TD-IG3,SIM-ANN-5-0005,0,0,0,1.0,decisive
SIMULATED,Collect,TD-IG3,SIM-ANN-5-0006,0,0,0,1.0,decisive
SIMULATED,Collect,TD-IG3,SIM-ANN-5-0007,1,1,1,1.0,decisive
SIMULATED,Collect,TD-IG3,SIM-ANN-5-0008,1,1,1,1.0,decisive
SIMULATED,Collect,TD-IG3,SIM-ANN-5-0009,0,0,0,1.0,decisive
SIMULATED,Collect,TD-IG3,SIM-ANN-5-0010,1,1,1,1.0,decisive
SIMULATED,Collect,TD-IG3,SIM-ANN-5-0011,1,2,2,0.3333333333333333,tie
SIMULATED,Collect,TD-IG3,SIM-ANN-5-0012,0,0,0,1.0,decisive
SIMULATED,Collect,TD-IG3,SIM-ANN-5-0013,0,2,0,0.3333333333333333,decisive
SIMULATED,Collect,TD-IG3,SIM-ANN-5-0014,0,1,1,0.3333333333333333,decisive
SIMULATED,Collect,TD-IG3,SIM-ANN-5-0015,1,-1,1,1.0,decisive
SIMULATED,Collect,TD-IG3,SIM-ANN-5-0016,2,1,1,0.3333333333333333,decisive
SIMULATED,Collect,TD-IG3,SIM-ANN-5-0017,1,1,0,0.3333333333333333,decisive
SIMULATED,Collect,TD-IG3,SIM-ANN-5-0018,-1,1,1,1.0,decisive
SIMULATED,Collect,TD-IG3,SIM-ANN-5-0019,2,0,0,0.3333333333333333,decisive
SIMULATED,Collect,TD-IG3,SIM-ANN-5-0020,2,2,2,1.0,tie
SIMULATED,Collect,TD-IG3,SIM-ANN-5-0021,1,1,1,1.0,decisive
SIMULATED,Collect,TD-IG3,SIM-ANN-5-0022,2,2,2,1.0,tie
SIMULATED,Collect,TD-IG3,SIM-ANN-5-0023,1,1,1,1.0,decisive
SIMULATED,Collect,TD-IG3,SIM-ANN-5-0024,1,1,1,1.0,decisive
SIMULATED,Collect,TD-IG3,SIM-ANN-5-0025,1,1,1,1.0,decisive
SIMULATED,Collect,TD-IG3,SIM-ANN-5-0026,1,1,1,1.0,decisive
SIMULATED,Collect,TD-IG3,SIM-ANN-5-0027,1,1,1,1.0,decisive
SIMULATED,Collect,TD-IG3,SIM-ANN-5-0028,1,1,-1,1.0,decisive
SIMULATED,Collect,TD-IG3,SIM-ANN-5-0029,1,1,1,1.0,decisive
SIMULATED,Collect,TD-IG3,SIM-ANN-5-0030,-1,0,-1,nan,insufficient votes
SIMULATED,Collect,TD-IG3,SIM-ANN-5-0031,0,0,0,1.0,decisive
SIMULATED,Collect,TD-IG3,SIM-ANN-5-0032,1,1,1,1.0,decisive
SIMULATED,Collect,TD-IG3,SIM-ANN-5-0033,0,0,0,1.0,decisive
SIMULATED,Collect,TD-IG3,SIM-ANN-5-0034,0,2,0,0.3333333333333333,decisive
SIMULATED,Collect,TD-IG3,SIM-ANN-5-0035,0,0,2,0.3333333333333333,decisive
SIMULATED,Collect,TD-IG3,SIM-ANN-5-0036,-1,1,1,1.0,decisive
SIMULATED,Collect,TD-IG3,SIM-ANN-5-0037,0,1,1,0.3333333333333333,decisive
SIMULATED,Collect,TD-IG3,SIM-ANN-5-0038,1,2,1,0.3333333333333333,decisive
SIMULATED,Collect,TD-IG3,SIM-ANN-5-0039,1,1,2,0.3333333333333333,decisive
SIMULATED,Collect,TD-IG3,SIM-ANN-5-0040,1,1,1,1.0,decisive
SIMULATED,Collect,TD-IG3,SIM-ANN-5-0041,-1,1,1,1.0,decisive
SIMULATED,Collect,TD-IG3,SIM-ANN-5-0042,1,1,1,1.0,decisive
SIMULATED,Collect,TD-IG3,SIM-ANN-5-0043,-1,0,0,1.0,decisive
SIMULATED,Collect,TD-IG3,SIM-ANN-5-0044,0,0,0,1.0,decisive
SIMULATED,Collect,TD-IG3,SIM-ANN-5-0045,1,1,1,1.0,decisive
SIMULATED,Collect,TD-IG3,SIM-ANN-5-0046,0,2,2,0.3333333333333333,tie
SIMULATED,Collect,TD-IG3,SIM-ANN-5-0047,1,0,0,0.3333333333333333,decisive
SIMULATED,Collect,TD-IG3,SIM-ANN-5-0048,1,1,1,1.0,decisive
SIMULATED,Collect,TD-IG3,SIM-ANN-5-0049,1,1,1,1.0,decisive
SIMULATED,Collect,TD-IG3,SIM-ANN-5-0050,2,2,2,1.0,tie
SIMULATED,Collect,TD-IG3,SIM-ANN-5-0051,0,0,0,1.0,decisive
SIMULATED,Collect,TD-IG3,SIM-ANN-5-0052,2,2,2,1.0,tie
SIMULATED,Collect,TD-IG3,SIM-ANN-5-0053,1,1,0,0.3333333333333333,decisive
SIMULATED,Collect,TD-IG3,SIM-ANN-5-0054,0,0,0,1.0,decisive
SIMULATED,Collect,TD-IG3,SIM-ANN-5-0055,1,1,1,1.0,decisive
SIMULATED,Collect,TD-IG3,SIM-ANN-5-0056,0,0,0,1.0,decisive
SIMULATED,Collect,TD-IG3,SIM-ANN-5-0057,0,1,1,0.3333333333333333,decisive
SIMULATED,Collect,TD-IG3,SIM-ANN-5-0058,-1,0,0,1.0,decisive
SIMULATED,Collect,TD-IG3,SIM-ANN-5-0059,0,1,2,0.0,no consensus
SIMULATED,Collect,TD-IG3,SIM-ANN-5-0060,0,0,0,1.0,decisive
SIMULATED,Collect,TD-IG3,SIM-ANN-5-0061,-1,1,1,1.0,decisive
SIMULATED,Collect,TD-IG3,SIM-ANN-5-0062,2,0,2,0.3333333333333333,tie
SIMULATED,Collect,TD-IG3,SIM-ANN-5-0063,1,1,1,1.0,decisive
SIMULATED,Collect,TD-IG3,SIM-ANN-5-0064,0,0,0,1.0,decisive
SIMULATED,Collect,TD-IG3,SIM-ANN-5-0065,2,2,2,1.0,tie
SIMULATED,Collect,TD-IG3,SIM-ANN-5-0066,0,0,0,1.0,decisive
SIMULATED,Collect,TD-IG3,SIM-ANN-5-0067,2,2,2,1.0,tie
SIMULATED,Collect,TD-IG3,SIM-ANN-5-0068,1,1,-1,1.0,decisive
SIMULATED,Collect,TD-IG3,SIM-ANN-5-0069,0,0,0,1.0,decisive
SIMULATED,Collect,TD-IG3,SIM-ANN-5-0070,1,1,1,1.0,decisive
SIMULATED,Collect,TD-IG3,SIM-ANN-5-0071,1,1,1,1.0,decisive
SIMULATED,Collect,TD-IG3,SIM-ANN-5-0072,1,1,1,1.0,decisive
SIMULATED,Collect,TD-IG3,SIM-ANN-5-0073,2,2,2,1.0,tie
SIMULATED,Collect,TD-IG3,SIM-ANN-5-0074,0,1,-1,0.0,no consensus
SIMULATED,Collect,TD-IG3,SIM-ANN-5-0075,-1,1,1,1.0,decisive
SIMULATED,Collect,TD-IG3,SIM-ANN-5-0076,0,-1,0,1.0,decisive
SIMULATED,Collect,TD-IG3,SIM-ANN-5-0077,1,2,1,0.3333333333333333,decisive
SIMULATED,Collect,TD-IG3,SIM-ANN-5-0078,2,2,2,1.0,tie
SIMULATED,Collect,TD-IG3,SIM-ANN-5-0079,1,1,1,1.0,decisive
SIMULATED,Collect,TD-IG3,SIM-ANN-5-0080,1,2,1,0.3333333333333333,decisive
SIMULATED,Collect,TD-IG3,SIM-ANN-5-0081,1,1,1,1.0,decisive
SIMULATED,Collect,TD-IG3,SIM-ANN-5-0082,1,1,1,1.0,decisive
SIMULATED,Collect,TD-IG3,SIM-ANN-5-0083,0,2,0,0.3333333333333333,decisive
SIMULATED,Collect,TD-IG3,SIM-ANN-5-0084,-1,1,1,1.0,decisive
SIMULATED,Collect,TD-IG3,SIM-ANN-5-0085,0,-1,0,1.0,decisive
SIMULATED,Collect,TD-IG3,SIM-ANN-5-0086,2,0,0,0.3333333333333333,decisive
SIMULATED,Collect,TD-IG3,SIM-ANN-5-0087,0,0,0,1.0,decisive
SIMULATED,Collect,TD-IG3,SIM-ANN-5-0088,1,1,-1,1.0,decisive
SIMULATED,Collect,TD-IG3,SIM-ANN-5-0089,-1,0,0,1.0,decisive
SIMULATED,Collect,TD-IG3,SIM-ANN-5-0090,2,2,2,1.0,tie
SIMULATED,Collect,TD-IG3,SIM-ANN-5-0091,1,1,1,1.0,decisive
SIMULATED,Collect,TD-IG3,SIM-ANN-5-0092,1,1,1,1.0,decisive
SIMULATED,Collect,TD-IG3,SIM-ANN-5-0093,1,1,1,1.0,decisive
SIMULATED,Collect,TD-IG3,SIM-ANN-5-0094,-1,1,1,1.0,decisive
SIMULATED,Collect,TD-IG3,SIM-ANN-5-0095,0,2,2,0.3333333333333333,tie
SIMULATED,Collect,TD-IG3,SIM-ANN-5-0096,1,1,1,1.0,decisive
SIMULATED,Collect,TD-IG3,SIM-ANN-5-0097,1,1,1,1.0,decisive
SIMULATED,Collect,TD-IG3,SIM-ANN-5-0098,0,0,0,1.0,decisive
SIMULATED,Collect,TD-IG3,SIM-ANN-5-0099,2,2,2,1.0,tie
SIMULATED,Collect,TD-IG3,SIM-ANN-5-0100,1,1,0,0.3333333333333333,decisive
SIMULATED,Collect,TD-IG3,SIM-ANN-5-0101,0,1,0,0.3333333333333333,decisive
SIMULATED,Collect,TD-IG3,SIM-ANN-5-0102,2,2,2,1.0,tie
SIMULATED,Collect,TD-IG3,SIM-ANN-5-0103,1,1,-1,1.0,decisive
SIMULATED,Collect,TD-IG3,SIM-ANN-5-0104,1,1,1,1.0,decisive
SIMULATED,Collect,TD-IG3,SIM-ANN-5-0105,1,1,1,1.0,decisive
SIMULATED,Collect,TD-IG3,SIM-ANN-5-0106,0,0,1,0.3333333333333333,decisive
SIMULATED,Collect,TD-IG3,SIM-ANN-5-0107,1,1,1,1.0,decisive
SIMULATED,Collect,TD-IG3,SIM-ANN-5-0108,2,2,2,1.0,tie
SIMULATED,Collect,TD-IG3,SIM-ANN-5-0109,0,0,0,1.0,decisive
SIMULATED,Collect,TD-IG3,SIM-ANN-5-0110,0,0,0,1.0,decisive
SIMULATED,Collect,TD-IG3,SIM-ANN-5-0111,1,1,1,1.0,decisive
SIMULATED,Collect,TD-IG3,SIM-ANN-5-0112,0,0,0,1.0,decisive
SIMULATED,Collect,TD-IG3,SIM-ANN-5-0113,0,0,0,1.0,decisive
SIMULATED,Collect,TD-IG3,SIM-ANN-5-0114,2,2,2,1.0,tie
SIMULATED,Collect,TD-IG3,SIM-ANN-5-0115,2,2,0,0.3333333333333333,tie
SIMULATED,Collect,TD-IG3,SIM-ANN-5-0116,0,0,0,1.0,decisive
SIMULATED,Collect,TD-IG3,SIM-ANN-5-0117,1,1,1,1.0,decisive
SIMULATED,Collect,TD-IG3,SIM-ANN-5-0118,1,1,1,1.0,decisive
SIMULATED,Collect,TD-IG3,SIM-ANN-5-0119,1,1,1,1.0,decisive
SIMULATED,Collect,TD-IG3,SIM-ANN-5-0120,0,0,0,1.0,decisive
SIMULATED,Collect,TD-IG3,SIM-ANN-5-0121,0,0,0,1.0,decisive
SIMULATED,Collect,TD-IG3,SIM-ANN-5-0122,0,-1,0,1.0,decisive
SIMULATED,Collect,TD-IG3,SIM-ANN-5-0123,1,1,1,1.0,decisive
SIMULATED,Collect,TD-IG3,SIM-ANN-5-0124,1,1,1,1.0,decisive
SIMULATED,Collect,TD-IG3,SIM-ANN-5-0125,0,0,0,1.0,decisive
SIMULATED,Collect,TD-IG3,SIM-ANN-5-0126,1,1,0,0.3333333333333333,decisive
SIMULATED,Collect,TD-IG3,SIM-ANN-5-0127,1,1,1,1.0,decisive
SIMULATED,Collect,TD-IG3,SIM-ANN-5-0128,1,1,1,1.0,decisive
SIMULATED,Collect,TD-IG3,SIM-ANN-5-0129,0,0,0,1.0,decisive
SIMULATED,Collect,TD-IG3,SIM-ANN-5-0130,0,0,0,1.0,decisive
SIMULATED,Collect,TD-IG3,SIM-ANN-5-0131,2,2,2,1.0,tie
SIMULATED,Collect,TD-IG3,SIM-ANN-5-0132,0,0,0,1.0,decisive
SIMULATED,Collect,TD-IG3,SIM-ANN-5-0133,1,1,1,1.0,decisive
SIMULATED,Collect,TD-IG3,SIM-ANN-5-0134,-1,1,1,1.0,decisive
SIMULATED,Collect,TD-IG3,SIM-ANN-5-0135,0,0,0,1.0,decisive
SIMULATED,Collect,TD-IG3,SIM-ANN-5-0136,1,1,1,1.0,decisive
SIMULATED,Collect,TD-IG3,SIM-ANN-5-0137,1,0,1,0.3333333333333333,decisive
SIMULATED,Collect,TD-IG3,SIM-ANN-5-0138,1,1,1,1.0,decisive
SIMULATED,Collect,TD-IG3,SIM-ANN-5-0139,0,0,2,0.3333333333333333,decisive
SIMULATED,Collect,TD-IG3,SIM-ANN-5-0140,2,0,0,0.3333333333333333,decisive
SIMULATED,Collect,TD-IG3,SIM-ANN-5-0141,2,1,1,0.3333333333333333,decisive
SIMULATED,Collect,TD-IG3,SIM-ANN-5-0142,1,1,1,1.0,decisive
SIMULATED,Collect,TD-IG3,SIM-ANN-5-0143,1,1,1,1.0,decisive
SIMULATED,Collect,TD-IG3,SIM-ANN-5-0144,1,0,2,0.0,no consensus
SIMULATED,Collect,TD-IG3,SIM-ANN-5-0145,0,0,0,1.0,decisive
SIMULATED,Collect,TD-IG3,SIM-ANN-5-0146,1,1,1,1.0,decisive
SIMULATED,Collect,TD-IG3,SIM-ANN-5-0147,0,-1,0,1.0,decisive
SIMULATED,Collect,TD-IG3,SIM-ANN-5-0148,2,2,2,1.0,tie
SIMULATED,Collect,TD-IG3,SIM-ANN-5-0149,1,1,1,1.0,decisive
SIMULATED,Collect,TD-IG3,SIM-ANN-5-0150,0,0,0,1.0,decisive
SIMULATED,Collect,TD-IG3,SIM-ANN-5-0151,1,1,1,1.0,decisive
SIMULATED,Collect,TD-IG3,SIM-ANN-5-0152,0,0,0,1.0,decisive
SIMULATED,Collect,TD-IG3,SIM-ANN-5-0153,2,2,2,1.0,tie
SIMULATED,Collect,TD-IG3,SIM-ANN-5-0154,1,1,1,1.0,decisive
SIMULATED,Collect,TD-IG3,SIM-ANN-5-0155,-1,-1,1,nan,insufficient votes
SIMULATED,Collect,TD-IG3,SIM-ANN-5-0156,1,0,1,0.3333333333333333,decisive
SIMULATED,Collect,TD-IG3,SIM-ANN-5-0157,1,1,1,1.0,decisive
SIMULATED,Collect,TD-IG3,SIM-ANN-5-0158,1,1,1,1.0,decisive
SIMULATED,Collect,TD-IG3,SIM-ANN-5-0159,1,1,0,0.3333333333333333,decisive
SIMULATED,Collect,TD-TG2,SIM-ANN-6-0000,1,1,1,1.0,decisive
SIMULATED,Collect,TD-TG2,SIM-ANN-6-0001,1,1,1,1.0,decisive
SIMULATED,Collect,TD-TG2,SIM-ANN-6-0002,0,0,0,1.0,decisive
SIMULATED,Collect,TD-TG2,SIM-ANN-6-0003,1,1,1,1.0,decisive
SIMULATED,Collect,TD-TG2,SIM-ANN-6-0004,0,0,0,1.0,decisive
SIMULATED,Collect,TD-TG2,SIM-ANN-6-0005,0,0,0,1.0,decisive
SIMULATED,Collect,TD-TG2,SIM-ANN-6-0006,0,-1,2,0.0,no consensus
SIMULATED,Collect,TD-TG2,SIM-ANN-6-0007,1,1,1,1.0,decisive
SIMULATED,Collect,TD-TG2,SIM-ANN-6-0008,0,1,1,0.3333333333333333,decisive
SIMULATED,Collect,TD-TG2,SIM-ANN-6-0009,0,0,0,1.0,decisive
SIMULATED,Collect,TD-TG2,SIM-ANN-6-0010,1,2,0,0.0,no consensus
SIMULATED,Collect,TD-TG2,SIM-ANN-6-0011,0,0,1,0.3333333333333333,decisive
SIMULATED,Collect,TD-TG2,SIM-ANN-6-0012,1,1,1,1.0,decisive
SIMULATED,Collect,TD-TG2,SIM-ANN-6-0013,2,0,2,0.3333333333333333,tie
SIMULATED,Collect,TD-TG2,SIM-ANN-6-0014,1,2,1,0.3333333333333333,decisive
SIMULATED,Collect,TD-TG2,SIM-ANN-6-0015,2,0,0,0.3333333333333333,decisive
SIMULATED,Collect,TD-TG2,SIM-ANN-6-0016,1,1,2,0.3333333333333333,decisive
SIMULATED,Collect,TD-TG2,SIM-ANN-6-0017,0,0,0,1.0,decisive
SIMULATED,Collect,TD-TG2,SIM-ANN-6-0018,-1,2,2,1.0,tie
SIMULATED,Collect,TD-TG2,SIM-ANN-6-0019,-1,1,0,0.0,no consensus
SIMULATED,Collect,TD-TG2,SIM-ANN-6-0020,1,1,1,1.0,decisive
SIMULATED,Collect,TD-TG2,SIM-ANN-6-0021,1,1,1,1.0,decisive
SIMULATED,Collect,TD-TG2,SIM-ANN-6-0022,0,-1,0,1.0,decisive
SIMULATED,Collect,TD-TG2,SIM-ANN-6-0023,1,-1,1,1.0,decisive
SIMULATED,Collect,TD-TG2,SIM-ANN-6-0024,1,-1,1,1.0,decisive
SIMULATED,Collect,TD-TG2,SIM-ANN-6-0025,1,1,1,1.0,decisive
SIMULATED,Collect,TD-TG2,SIM-ANN-6-0026,0,0,1,0.3333333333333333,decisive
SIMULATED,Collect,TD-TG2,SIM-ANN-6-0027,2,-1,-1,nan,insufficient votes
SIMULATED,Collect,TD-TG2,SIM-ANN-6-0028,1,0,1,0.3333333333333333,decisive
SIMULATED,Collect,TD-TG2,SIM-ANN-6-0029,-1,2,2,1.0,tie
SIMULATED,Collect,TD-TG2,SIM-ANN-6-0030,1,1,1,1.0,decisive
SIMULATED,Collect,TD-TG2,SIM-ANN-6-0031,1,1,0,0.3333333333333333,decisive
SIMULATED,Collect,TD-TG2,SIM-ANN-6-0032,2,1,1,0.3333333333333333,decisive
SIMULATED,Collect,TD-TG2,SIM-ANN-6-0033,1,-1,1,1.0,decisive
SIMULATED,Collect,TD-TG2,SIM-ANN-6-0034,1,1,1,1.0,decisive
SIMULATED,Collect,TD-TG2,SIM-ANN-6-0035,-1,1,1,1.0,decisive
SIMULATED,Collect,TD-TG2,SIM-ANN-6-0036,1,-1,1,1.0,decisive
SIMULATED,Collect,TD-TG2,SIM-ANN-6-0037,-1,1,0,0.0,no consensus
SIMULATED,Collect,TD-TG2,SIM-ANN-6-0038,2,-1,2,1.0,tie
SIMULATED,Collect,TD-TG2,SIM-ANN-6-0039,0,0,0,1.0,decisive
SIMULATED,Collect,TD-TG2,SIM-ANN-6-0040,2,2,0,0.3333333333333333,tie
SIMULATED,Collect,TD-TG2,SIM-ANN-6-0041,-1,1,1,1.0,decisive
SIMULATED,Collect,TD-TG2,SIM-ANN-6-0042,1,-1,1,1.0,decisive
SIMULATED,Collect,TD-TG2,SIM-ANN-6-0043,2,-1,0,0.0,no consensus
SIMULATED,Collect,TD-TG2,SIM-ANN-6-0044,1,1,1,1.0,decisive
SIMULATED,Collect,TD-TG2,SIM-ANN-6-0045,0,-1,0,1.0,decisive
SIMULATED,Collect,TD-TG2,SIM-ANN-6-0046,1,1,0,0.3333333333333333,decisive
SIMULATED,Collect,TD-TG2,SIM-ANN-6-0047,1,1,0,0.3333333333333333,decisive
SIMULATED,Collect,TD-TG2,SIM-ANN-6-0048,0,0,-1,1.0,decisive
SIMULATED,Collect,TD-TG2,SIM-ANN-6-0049,1,1,1,1.0,decisive
SIMULATED,Collect,TD-TG2,SIM-ANN-6-0050,0,2,0,0.3333333333333333,decisive
SIMULATED,Collect,TD-TG2,SIM-ANN-6-0051,1,1,2,0.3333333333333333,decisive
SIMULATED,Collect,TD-TG2,SIM-ANN-6-0052,0,0,0,1.0,decisive
SIMULATED,Collect,TD-TG2,SIM-ANN-6-0053,0,0,-1,1.0,decisive
SIMULATED,Collect,TD-TG2,SIM-ANN-6-0054,2,0,0,0.3333333333333333,decisive
SIMULATED,Collect,TD-TG2,SIM-ANN-6-0055,0,1,1,0.3333333333333333,decisive
SIMULATED,Collect,TD-TG2,SIM-ANN-6-0056,0,0,0,1.0,decisive
SIMULATED,Collect,TD-TG2,SIM-ANN-6-0057,1,1,1,1.0,decisive
SIMULATED,Collect,TD-TG2,SIM-ANN-6-0058,1,1,1,1.0,decisive
SIMULATED,Collect,TD-TG2,SIM-ANN-6-0059,2,2,2,1.0,tie
SIMULATED,Collect,TD-TG2,SIM-ANN-6-0060,1,2,-1,0.0,no consensus
SIMULATED,Collect,TD-TG2,SIM-ANN-6-0061,-1,2,1,0.0,no consensus
SIMULATED,Collect,TD-TG2,SIM-ANN-6-0062,1,1,1,1.0,decisive
SIMULATED,Collect,TD-TG2,SIM-ANN-6-0063,-1,1,1,1.0,decisive
SIMULATED,Collect,TD-TG2,SIM-ANN-6-0064,1,1,1,1.0,decisive
SIMULATED,Collect,TD-TG2,SIM-ANN-6-0065,1,1,-1,1.0,decisive
SIMULATED,Collect,TD-TG2,SIM-ANN-6-0066,-1,1,1,1.0,decisive
SIMULATED,Collect,TD-TG2,SIM-ANN-6-0067,0,0,0,1.0,decisive
SIMULATED,Collect,TD-TG2,SIM-ANN-6-0068,2,2,2,1.0,tie
SIMULATED,Collect,TD-TG2,SIM-ANN-6-0069,0,0,0,1.0,decisive
SIMULATED,Collect,TD-TG2,SIM-ANN-6-0070,0,2,-1,0.0,no consensus
SIMULATED,Collect,TD-TG2,SIM-ANN-6-0071,2,2,2,1.0,tie
SIMULATED,Collect,TD-TG2,SIM-ANN-6-0072,1,1,1,1.0,decisive
SIMULATED,Collect,TD-TG2,SIM-ANN-6-0073,0,0,0,1.0,decisive
SIMULATED,Collect,TD-TG2,SIM-ANN-6-0074,0,0,0,1.0,decisive
SIMULATED,Collect,TD-TG2,SIM-ANN-6-0075,0,0,0,1.0,decisive
SIMULATED,Collect,TD-TG2,SIM-ANN-6-0076,2,2,2,1.0,tie
SIMULATED,Collect,TD-TG2,SIM-ANN-6-0077,-1,1,-1,nan,insufficient votes
SIMULATED,Collect,TD-TG2,SIM-ANN-6-0078,2,1,1,0.3333333333333333,decisive
SIMULATED,Collect,TD-TG2,SIM-ANN-6-0079,1,1,-1,1.0,decisive
SIMULATED,Collect,TD-TG2,SIM-ANN-6-0080,1,1,1,1.0,decisive
SIMULATED,Collect,TD-TG2,SIM-ANN-6-0081,0,0,0,1.0,decisive
SIMULATED,Collect,TD-TG2,SIM-ANN-6-0082,0,0,0,1.0,decisive
SIMULATED,Collect,TD-TG2,SIM-ANN-6-0083,1,1,1,1.0,decisive
SIMULATED,Collect,TD-TG2,SIM-ANN-6-0084,1,1,1,1.0,decisive
SIMULATED,Collect,TD-TG2,SIM-ANN-6-0085,1,1,-1,1.0,decisive
SIMULATED,Collect,TD-TG2,SIM-ANN-6-0086,2,1,1,0.3333333333333333,decisive
SIMULATED,Collect,TD-TG2,SIM-ANN-6-0087,-1,2,2,1.0,tie
SIMULATED,Collect,TD-TG2,SIM-ANN-6-0088,-1,-1,2,nan,insufficient votes
SIMULATED,Collect,TD-TG2,SIM-ANN-6-0089,-1,2,0,0.0,no consensus
SIMULATED,Collect,TD-TG2,SIM-ANN-6-0090,2,-1,2,1.0,tie
SIMULATED,Collect,TD-TG2,SIM-ANN-6-0091,-1,1,-1,nan,insufficient votes
SIMULATED,Collect,TD-TG2,SIM-ANN-6-0092,2,2,0,0.3333333333333333,tie
SIMULATED,Collect,TD-TG2,SIM-ANN-6-0093,2,0,0,0.3333333333333333,decisive
SIMULATED,Collect,TD-TG2,SIM-ANN-6-0094,1,1,1,1.0,decisive
SIMULATED,Collect,TD-TG2,SIM-ANN-6-0095,-1,0,0,1.0,decisive
SIMULATED,Collect,TD-TG2,SIM-ANN-6-0096,-1,1,1,1.0,decisive
SIMULATED,Collect,TD-TG2,SIM-ANN-6-0097,-1,2,2,1.0,tie
SIMULATED,Collect,TD-TG2,SIM-ANN-6-0098,0,0,0,1.0,decisive
SIMULATED,Collect,TD-TG2,SIM-ANN-6-0099,1,1,1,1.0,decisive
SIMULATED,Collect,TD-TG2,SIM-ANN-6-0100,1,1,-1,1.0,decisive
SIMULATED,Collect,TD-TG2,SIM-ANN-6-0101,-1,-1,1,nan,insufficient votes
SIMULATED,Collect,TD-TG2,SIM-ANN-6-0102,1,1,2,0.3333333333333333,decisive
SIMULATED,Collect,TD-TG2,SIM-ANN-6-0103,0,0,0,1.0,decisive
SIMULATED,Collect,TD-TG2,SIM-ANN-6-0104,1,1,1,1.0,decisive
SIMULATED,Collect,TD-TG2,SIM-ANN-6-0105,1,-1,1,1.0,decisive
SIMULATED,Collect,TD-TG2,SIM-ANN-6-0106,1,0,1,0.3333333333333333,decisive
SIMULATED,Collect,TD-TG2,SIM-ANN-6-0107,1,2,2,0.3333333333333333,tie
SIMULATED,Collect,TD-TG2,SIM-ANN-6-0108,0,0,0,1.0,decisive
SIMULATED,Collect,TD-TG2,SIM-ANN-6-0109,0,-1,0,1.0,decisive
SIMULATED,Collect,TD-TG2,SIM-ANN-6-0110,1,1,1,1.0,decisive
SIMULATED,Collect,TD-TG2,SIM-ANN-6-0111,0,0,-1,1.0,decisive
SIMULATED,Collect,TD-TG2,SIM-ANN-6-0112,0,0,0,1.0,decisive
SIMULATED,Collect,TD-TG2,SIM-ANN-6-0113,1,1,1,1.0,decisive
SIMULATED,Collect,TD-TG2,SIM-ANN-6-0114,-1,0,0,1.0,decisive
SIMULATED,Collect,TD-TG2,SIM-ANN-6-0115,1,0,-1,0.0,no consensus
SIMULATED,Collect,TD-TG2,SIM-ANN-6-0116,0,0,0,1.0,decisive
SIMULATED,Collect,TD-TG2,SIM-ANN-6-0117,1,-1,1,1.0,decisive
SIMULATED,Collect,TD-TG2,SIM-ANN-6-0118,0,1,0,0.3333333333333333,decisive
SIMULATED,Collect,TD-TG2,SIM-ANN-6-0119,0,0,0,1.0,decisive
SIMULATED,Collect,TD-TG2,SIM-ANN-6-0120,0,1,2,0.0,no consensus
SIMULATED,Collect,TD-TG2,SIM-ANN-6-0121,1,1,1,1.0,decisive
SIMULATED,Collect,TD-TG2,SIM-ANN-6-0122,1,1,-1,1.0,decisive
SIMULATED,Collect,TD-TG2,SIM-ANN-6-0123,1,1,1,1.0,decisive
SIMULATED,Collect,TD-TG2,SIM-ANN-6-0124,0,0,2,0.3333333333333333,decisive
SIMULATED,Collect,TD-TG2,SIM-ANN-6-0125,0,1,1,0.3333333333333333,decisive
SIMULATED,Collect,TD-TG2,SIM-ANN-6-0126,1,1,-1,1.0,decisive
SIMULATED,Collect,TD-TG2,SIM-ANN-6-0127,1,1,2,0.3333333333333333,decisive
SIMULATED,Collect,TD-TG2,SIM-ANN-6-0128,0,0,0,1.0,decisive
SIMULATED,Collect,TD-TG2,SIM-ANN-6-0129,2,2,2,1.0,tie
SIMULATED,Collect,TD-TG2,SIM-ANN-6-0130,0,0,0,1.0,decisive
SIMULATED,Collect,TD-TG2,SIM-ANN-6-0131,0,0,0,1.0,decisive
SIMULATED,Collect,TD-TG2,SIM-ANN-6-0132,1,1,1,1.0,decisive
SIMULATED,Collect,TD-TG2,SIM-ANN-6-0133,1,1,1,1.0,decisive
SIMULATED,Collect,TD-TG2,SIM-ANN-6-0134,-1,1,1,1.0,decisive
SIMULATED,Collect,TD-TG2,SIM-ANN-6-0135,2,2,-1,1.0,tie
SIMULATED,Collect,TD-TG2,SIM-ANN-6-0136,0,-1,2,0.0,no consensus
SIMULATED,Collect,TD-TG2,SIM-ANN-6-0137,1,1,1,1.0,decisive
SIMULATED,Collect,TD-TG2,SIM-ANN-6-0138,0,0,0,1.0,decisive
SIMULATED,Collect,TD-TG2,SIM-ANN-6-0139,0,2,1,0.0,no consensus
SIMULATED,Collect,TD-TG2,SIM-ANN-6-0140,1,1,2,0.3333333333333333,decisive
SIMULATED,Collect,TD-TG2,SIM-ANN-6-0141,0,-1,0,1.0,decisive
SIMULATED,Collect,TD-TG2,SIM-ANN-6-0142,-1,2,-1,nan,insufficient votes
SIMULATED,Collect,TD-TG2,SIM-ANN-6-0143,2,2,2,1.0,tie
SIMULATED,Collect,TD-TG2,SIM-ANN-6-0144,1,0,2,0.0,no consensus
SIMULATED,Collect,TD-TG2,SIM-ANN-6-0145,2,2,1,0.3333333333333333,tie
SIMULATED,Collect,TD-TG2,SIM-ANN-6-0146,0,0,0,1.0,decisive
SIMULATED,Collect,TD-TG2,SIM-ANN-6-0147,0,0,0,1.0,decisive
SIMULATED,Collect,TD-TG2,SIM-ANN-6-0148,1,1,1,1.0,decisive
SIMULATED,Collect,TD-TG2,SIM-ANN-6-0149,1,1,1,1.0,decisive
SIMULATED,Collect,TD-TG2,SIM-ANN-6-0150,1,1,1,1.0,decisive
SIMULATED,Collect,TD-TG2,SIM-ANN-6-0151,-1,2,0,0.0,no consensus
SIMULATED,Collect,TD-TG2,SIM-ANN-6-0152,2,0,0,0.3333333333333333,decisive
SIMULATED,Collect,TD-TG2,SIM-ANN-6-0153,1,0,2,0.0,no consensus
SIMULATED,Collect,TD-TG2,SIM-ANN-6-0154,1,1,1,1.0,decisive
SIMULATED,Collect,TD-TG2,SIM-ANN-6-0155,0,0,-1,1.0,decisive
SIMULATED,Collect,TD-TG2,SIM-ANN-6-0156,0,0,0,1.0,decisive
SIMULATED,Collect,TD-TG2,SIM-ANN-6-0157,1,0,1,0.3333333333333333,decisive
SIMULATED,Collect,TD-TG2,SIM-ANN-6-0158,2,1,2,0.3333333333333333,tie
SIMULATED,Collect,TD-TG2,SIM-ANN-6-0159,0,0,0,1.0,decisive
SIMULATED,Collect,TD-AR2,SIM-ANN-7-0000,0,0,0,1.0,decisive
SIMULATED,Collect,TD-AR2,SIM-ANN-7-0001,1,2,1,0.3333333333333333,decisive
SIMULATED,Collect,TD-AR2,SIM-ANN-7-0002,0,0,-1,1.0,decisive
SIMULATED,Collect,TD-AR2,SIM-ANN-7-0003,1,0,1,0.3333333333333333,decisive
SIMULATED,Collect,TD-AR2,SIM-ANN-7-0004,1,1,0,0.3333333333333333,decisive
SIMULATED,Collect,TD-AR2,SIM-ANN-7-0005,0,0,1,0.3333333333333333,decisive
SIMULATED,Collect,TD-AR2,SIM-ANN-7-0006,-1,1,1,1.0,decisive
SIMULATED,Collect,TD-AR2,SIM-ANN-7-0007,0,0,2,0.3333333333333333,decisive
SIMULATED,Collect,TD-AR2,SIM-ANN-7-0008,0,0,0,1.0,decisive
SIMULATED,Collect,TD-AR2,SIM-ANN-7-0009,0,0,0,1.0,decisive
SIMULATED,Collect,TD-AR2,SIM-ANN-7-0010,0,0,0,1.0,decisive
SIMULATED,Collect,TD-AR2,SIM-ANN-7-0011,1,1,2,0.3333333333333333,decisive
SIMULATED,Collect,TD-AR2,SIM-ANN-7-0012,2,0,-1,0.0,no consensus
SIMULATED,Collect,TD-AR2,SIM-ANN-7-0013,2,1,0,0.0,no consensus
SIMULATED,Collect,TD-AR2,SIM-ANN-7-0014,0,2,2,0.3333333333333333,tie
SIMULATED,Collect,TD-AR2,SIM-ANN-7-0015,1,1,1,1.0,decisive
SIMULATED,Collect,TD-AR2,SIM-ANN-7-0016,0,0,0,1.0,decisive
SIMULATED,Collect,TD-AR2,SIM-ANN-7-0017,1,0,0,0.3333333333333333,decisive
SIMULATED,Collect,TD-AR2,SIM-ANN-7-0018,1,0,0,0.3333333333333333,decisive
SIMULATED,Collect,TD-AR2,SIM-ANN-7-0019,0,2,0,0.3333333333333333,decisive
SIMULATED,Collect,TD-AR2,SIM-ANN-7-0020,0,0,0,1.0,decisive
SIMULATED,Collect,TD-AR2,SIM-ANN-7-0021,1,0,1,0.3333333333333333,decisive
SIMULATED,Collect,TD-AR2,SIM-ANN-7-0022,2,0,2,0.3333333333333333,tie
SIMULATED,Collect,TD-AR2,SIM-ANN-7-0023,2,1,1,0.3333333333333333,decisive
SIMULATED,Collect,TD-AR2,SIM-ANN-7-0024,0,0,0,1.0,decisive
SIMULATED,Collect,TD-AR2,SIM-ANN-7-0025,1,1,1,1.0,decisive
SIMULATED,Collect,TD-AR2,SIM-ANN-7-0026,-1,0,-1,nan,insufficient votes
SIMULATED,Collect,TD-AR2,SIM-ANN-7-0027,0,0,1,0.3333333333333333,decisive
SIMULATED,Collect,TD-AR2,SIM-ANN-7-0028,1,1,1,1.0,decisive
SIMULATED,Collect,TD-AR2,SIM-ANN-7-0029,0,0,0,1.0,decisive
SIMULATED,Collect,TD-AR2,SIM-ANN-7-0030,0,0,-1,1.0,decisive
SIMULATED,Collect,TD-AR2,SIM-ANN-7-0031,2,0,1,0.0,no consensus
SIMULATED,Collect,TD-AR2,SIM-ANN-7-0032,1,0,0,0.3333333333333333,decisive
SIMULATED,Collect,TD-AR2,SIM-ANN-7-0033,1,1,1,1.0,decisive
SIMULATED,Collect,TD-AR2,SIM-ANN-7-0034,1,1,1,1.0,decisive
SIMULATED,Collect,TD-AR2,SIM-ANN-7-0035,1,0,1,0.3333333333333333,decisive
SIMULATED,Collect,TD-AR2,SIM-ANN-7-0036,1,2,0,0.0,no consensus
SIMULATED,Collect,TD-AR2,SIM-ANN-7-0037,0,0,0,1.0,decisive
SIMULATED,Collect,TD-AR2,SIM-ANN-7-0038,1,0,1,0.3333333333333333,decisive
SIMULATED,Collect,TD-AR2,SIM-ANN-7-0039,0,0,0,1.0,decisive
SIMULATED,Collect,TD-AR2,SIM-ANN-7-0040,1,2,1,0.3333333333333333,decisive
SIMULATED,Collect,TD-AR2,SIM-ANN-7-0041,1,1,-1,1.0,decisive
SIMULATED,Collect,TD-AR2,SIM-ANN-7-0042,1,1,1,1.0,decisive
SIMULATED,Collect,TD-AR2,SIM-ANN-7-0043,1,1,1,1.0,decisive
SIMULATED,Collect,TD-AR2,SIM-ANN-7-0044,-1,0,0,1.0,decisive
SIMULATED,Collect,TD-AR2,SIM-ANN-7-0045,0,0,0,1.0,decisive
SIMULATED,Collect,TD-AR2,SIM-ANN-7-0046,0,-1,2,0.0,no consensus
SIMULATED,Collect,TD-AR2,SIM-ANN-7-0047,2,2,2,1.0,tie
SIMULATED,Collect,TD-AR2,SIM-ANN-7-0048,0,2,1,0.0,no consensus
SIMULATED,Collect,TD-AR2,SIM-ANN-7-0049,0,0,-1,1.0,decisive
SIMULATED,Collect,TD-AR2,SIM-ANN-7-0050,0,0,-1,1.0,decisive
SIMULATED,Collect,TD-AR2,SIM-ANN-7-0051,2,2,2,1.0,tie
SIMULATED,Collect,TD-AR2,SIM-ANN-7-0052,0,0,-1,1.0,decisive
SIMULATED,Collect,TD-AR2,SIM-ANN-7-0053,1,2,1,0.3333333333333333,decisive
SIMULATED,Collect,TD-AR2,SIM-ANN-7-0054,1,1,1,1.0,decisive
SIMULATED,Collect,TD-AR2,SIM-ANN-7-0055,0,0,0,1.0,decisive
SIMULATED,Collect,TD-AR2,SIM-ANN-7-0056,0,-1,0,1.0,decisive
SIMULATED,Collect,TD-AR2,SIM-ANN-7-0057,1,1,1,1.0,decisive
SIMULATED,Collect,TD-AR2,SIM-ANN-7-0058,1,1,1,1.0,decisive
SIMULATED,Collect,TD-AR2,SIM-ANN-7-0059,1,1,1,1.0,decisive
SIMULATED,Collect,TD-AR2,SIM-ANN-7-0060,2,2,-1,1.0,tie
SIMULATED,Collect,TD-AR2,SIM-ANN-7-0061,0,0,0,1.0,decisive
SIMULATED,Collect,TD-AR2,SIM-ANN-7-0062,0,0,0,1.0,decisive
SIMULATED,Collect,TD-AR2,SIM-ANN-7-0063,0,1,1,0.3333333333333333,decisive
SIMULATED,Collect,TD-AR2,SIM-ANN-7-0064,0,2,0,0.3333333333333333,decisive
SIMULATED,Collect,TD-AR2,SIM-ANN-7-0065,0,0,0,1.0,decisive
SIMULATED,Collect,TD-AR2,SIM-ANN-7-0066,2,2,2,1.0,tie
SIMULATED,Collect,TD-AR2,SIM-ANN-7-0067,-1,1,-1,nan,insufficient votes
SIMULATED,Collect,TD-AR2,SIM-ANN-7-0068,1,1,1,1.0,decisive
SIMULATED,Collect,TD-AR2,SIM-ANN-7-0069,2,2,2,1.0,tie
SIMULATED,Collect,TD-AR2,SIM-ANN-7-0070,0,0,0,1.0,decisive
SIMULATED,Collect,TD-AR2,SIM-ANN-7-0071,0,0,0,1.0,decisive
SIMULATED,Collect,TD-AR2,SIM-ANN-7-0072,1,1,2,0.3333333333333333,decisive
SIMULATED,Collect,TD-AR2,SIM-ANN-7-0073,1,2,1,0.3333333333333333,decisive
SIMULATED,Collect,TD-AR2,SIM-ANN-7-0074,1,1,1,1.0,decisive
SIMULATED,Collect,TD-AR2,SIM-ANN-7-0075,2,-1,0,0.0,no consensus
SIMULATED,Collect,TD-AR2,SIM-ANN-7-0076,1,-1,0,0.0,no consensus
SIMULATED,Collect,TD-AR2,SIM-ANN-7-0077,1,1,1,1.0,decisive
SIMULATED,Collect,TD-AR2,SIM-ANN-7-0078,0,-1,0,1.0,decisive
SIMULATED,Collect,TD-AR2,SIM-ANN-7-0079,0,0,0,1.0,decisive
SIMULATED,Collect,TD-AR2,SIM-ANN-7-0080,0,-1,0,1.0,decisive
SIMULATED,Collect,TD-AR2,SIM-ANN-7-0081,2,2,2,1.0,tie
SIMULATED,Collect,TD-AR2,SIM-ANN-7-0082,2,2,2,1.0,tie
SIMULATED,Collect,TD-AR2,SIM-ANN-7-0083,0,0,0,1.0,decisive
SIMULATED,Collect,TD-AR2,SIM-ANN-7-0084,-1,1,-1,nan,insufficient votes
SIMULATED,Collect,TD-AR2,SIM-ANN-7-0085,1,1,1,1.0,decisive
SIMULATED,Collect,TD-AR2,SIM-ANN-7-0086,-1,0,0,1.0,decisive
SIMULATED,Collect,TD-AR2,SIM-ANN-7-0087,-1,0,0,1.0,decisive
SIMULATED,Collect,TD-AR2,SIM-ANN-7-0088,-1,0,0,1.0,decisive
SIMULATED,Collect,TD-AR2,SIM-ANN-7-0089,1,1,1,1.0,decisive
SIMULATED,Collect,TD-AR2,SIM-ANN-7-0090,1,1,1,1.0,decisive
SIMULATED,Collect,TD-AR2,SIM-ANN-7-0091,0,0,0,1.0,decisive
SIMULATED,Collect,TD-AR2,SIM-ANN-7-0092,1,0,1,0.3333333333333333,decisive
SIMULATED,Collect,TD-AR2,SIM-ANN-7-0093,0,0,0,1.0,decisive
SIMULATED,Collect,TD-AR2,SIM-ANN-7-0094,0,1,0,0.3333333333333333,decisive
SIMULATED,Collect,TD-AR2,SIM-ANN-7-0095,0,-1,-1,nan,insufficient votes
SIMULATED,Collect,TD-AR2,SIM-ANN-7-0096,0,2,0,0.3333333333333333,decisive
SIMULATED,Collect,TD-AR2,SIM-ANN-7-0097,1,1,1,1.0,decisive
SIMULATED,Collect,TD-AR2,SIM-ANN-7-0098,0,0,0,1.0,decisive
SIMULATED,Collect,TD-AR2,SIM-ANN-7-0099,1,1,-1,1.0,decisive
SIMULATED,Collect,TD-AR2,SIM-ANN-7-0100,1,1,1,1.0,decisive
SIMULATED,Collect,TD-AR2,SIM-ANN-7-0101,1,1,1,1.0,decisive
SIMULATED,Collect,TD-AR2,SIM-ANN-7-0102,1,0,-1,0.0,no consensus
SIMULATED,Collect,TD-AR2,SIM-ANN-7-0103,-1,0,0,1.0,decisive
SIMULATED,Collect,TD-AR2,SIM-ANN-7-0104,2,2,2,1.0,tie
SIMULATED,Collect,TD-AR2,SIM-ANN-7-0105,1,1,1,1.0,decisive
SIMULATED,Collect,TD-AR2,SIM-ANN-7-0106,1,1,1,1.0,decisive
SIMULATED,Collect,TD-AR2,SIM-ANN-7-0107,-1,1,1,1.0,decisive
SIMULATED,Collect,TD-AR2,SIM-ANN-7-0108,1,0,1,0.3333333333333333,decisive
SIMULATED,Collect,TD-AR2,SIM-ANN-7-0109,-1,0,0,1.0,decisive
SIMULATED,Collect,TD-AR2,SIM-ANN-7-0110,0,-1,0,1.0,decisive
SIMULATED,Collect,TD-AR2,SIM-ANN-7-0111,1,1,-1,1.0,decisive
SIMULATED,Collect,TD-AR2,SIM-ANN-7-0112,1,1,1,1.0,decisive
SIMULATED,Collect,TD-AR2,SIM-ANN-7-0113,-1,0,0,1.0,decisive
SIMULATED,Collect,TD-AR2,SIM-ANN-7-0114,1,1,1,1.0,decisive
SIMULATED,Collect,TD-AR2,SIM-ANN-7-0115,0,0,0,1.0,decisive
SIMULATED,Collect,TD-AR2,SIM-ANN-7-0116,1,-1,1,1.0,decisive
SIMULATED,Collect,TD-AR2,SIM-ANN-7-0117,0,0,1,0.3333333333333333,decisive
SIMULATED,Collect,TD-AR2,SIM-ANN-7-0118,0,0,0,1.0,decisive
SIMULATED,Collect,TD-AR2,SIM-ANN-7-0119,2,2,1,0.3333333333333333,tie
SIMULATED,Collect,TD-AR2,SIM-ANN-7-0120,0,0,0,1.0,decisive
SIMULATED,Collect,TD-AR2,SIM-ANN-7-0121,1,1,1,1.0,decisive
SIMULATED,Collect,TD-AR2,SIM-ANN-7-0122,0,0,0,1.0,decisive
SIMULATED,Collect,TD-AR2,SIM-ANN-7-0123,0,1,0,0.3333333333333333,decisive
SIMULATED,Collect,TD-AR2,SIM-ANN-7-0124,0,0,1,0.3333333333333333,decisive
SIMULATED,Collect,TD-AR2,SIM-ANN-7-0125,0,0,0,1.0,decisive
SIMULATED,Collect,TD-AR2,SIM-ANN-7-0126,0,0,0,1.0,decisive
SIMULATED,Collect,TD-AR2,SIM-ANN-7-0127,0,-1,0,1.0,decisive
SIMULATED,Collect,TD-AR2,SIM-ANN-7-0128,0,0,0,1.0,decisive
SIMULATED,Collect,TD-AR2,SIM-ANN-7-0129,1,1,1,1.0,decisive
SIMULATED,Collect,TD-AR2,SIM-ANN-7-0130,-1,1,1,1.0,decisive
SIMULATED,Collect,TD-AR2,SIM-ANN-7-0131,2,2,2,1.0,tie
SIMULATED,Collect,TD-AR2,SIM-ANN-7-0132,1,1,0,0.3333333333333333,decisive
SIMULATED,Collect,TD-AR2,SIM-ANN-7-0133,1,1,1,1.0,decisive
SIMULATED,Collect,TD-AR2,SIM-ANN-7-0134,0,0,0,1.0,decisive
SIMULATED,Collect,TD-AR2,SIM-ANN-7-0135,2,2,2,1.0,tie
SIMULATED,Collect,TD-AR2,SIM-ANN-7-0136,2,2,2,1.0,tie
SIMULATED,Collect,TD-AR2,SIM-ANN-7-0137,1,1,1,1.0,decisive
SIMULATED,Collect,TD-AR2,SIM-ANN-7-0138,0,0,0,1.0,decisive
SIMULATED,Collect,TD-AR2,SIM-ANN-7-0139,0,0,0,1.0,decisive
SIMULATED,Collect,TD-AR2,SIM-ANN-7-0140,1,-1,1,1.0,decisive
SIMULATED,Collect,TD-AR2,SIM-ANN-7-0141,0,0,0,1.0,decisive
SIMULATED,Collect,TD-AR2,SIM-ANN-7-0142,0,1,1,0.3333333333333333,decisive
SIMULATED,Collect,TD-AR2,SIM-ANN-7-0143,2,0,0,0.3333333333333333,decisive
SIMULATED,Collect,TD-AR2,SIM-ANN-7-0144,1,1,1,1.0,decisive
SIMULATED,Collect,TD-AR2,SIM-ANN-7-0145,0,0,0,1.0,decisive
SIMULATED,Collect,TD-AR2,SIM-ANN-7-0146,0,0,0,1.0,decisive
SIMULATED,Collect,TD-AR2,SIM-ANN-7-0147,1,1,1,1.0,decisive
SIMULATED,Collect,TD-AR2,SIM-ANN-7-0148,-1,1,0,0.0,no consensus
SIMULATED,Collect,TD-AR2,SIM-ANN-7-0149,1,1,1,1.0,decisive
SIMULATED,Collect,TD-AR2,SIM-ANN-7-0150,2,1,0,0.0,no consensus
SIMULATED,Collect,TD-AR2,SIM-ANN-7-0151,1,1,-1,1.0,decisive
SIMULATED,Collect,TD-AR2,SIM-ANN-7-0152,1,1,2,0.3333333333333333,decisive
SIMULATED,Collect,TD-AR2,SIM-ANN-7-0153,2,2,2,1.0,tie
SIMULATED,Collect,TD-AR2,SIM-ANN-7-0154,0,-1,0,1.0,decisive
SIMULATED,Collect,TD-AR2,SIM-ANN-7-0155,0,0,0,1.0,decisive
SIMULATED,Collect,TD-AR2,SIM-ANN-7-0156,-1,0,0,1.0,decisive
SIMULATED,Collect,TD-AR2,SIM-ANN-7-0157,1,1,1,1.0,decisive
SIMULATED,Collect,TD-AR2,SIM-ANN-7-0158,1,1,1,1.0,decisive
SIMULATED,Collect,TD-AR2,SIM-ANN-7-0159,2,1,1,0.3333333333333333,decisive
