provenance,setting,input_group,feedback,agreement_pct
SIMULATED,Reuse,SIM-H-0000,H0,75.3947892572613
SIMULATED,Reuse,SIM-H-0000,H0+H1,72.25437472345385
SIMULATED,Reuse,SIM-H-0000,H0+H1+H2,79.07981470143534
SIMULATED,Reuse,SIM-H-0000,H0+H1+H2+H3,78.49863176881176
SIMULATED,Reuse,SIM-H-0001,H0,68.69061551798787
SIMULATED,Reuse,SIM-H-0001,H0+H1,76.59885314049168
SIMULATED,Reuse,SIM-H-0001,H0+H1+H2,79.99520330037335
SIMULATED,Reuse,SIM-H-0001,H0+H1+H2+H3,83.92745909237357
SIMULATED,Reuse,SIM-H-0002,H0,72.37705432641289
SIMULATED,Reuse,SIM-H-0002,H0+H1,71.37811890821241
SIMULATED,Reuse,SIM-H-0002,H0+H1+H2,76.87789954092763
SIMULATED,Reuse,SIM-H-0002,H0+H1+H2+H3,78.69934090147612
SIMULATED,Reuse,SIM-H-0003,H0,71.50266180730158
SIMULATED,Reuse,SIM-H-0003,H0+H1,75.7495971912845
SIMULATED,Reuse,SIM-H-0003,H0+H1+H2,83.10496688396272
SIMULATED,Reuse,SIM-H-0003,H0+H1+H2+H3,79.64243590835241
SIMULATED,Reuse,SIM-H-0004,H0,72.94549462455976
SIMULATED,Reuse,SIM-H-0004,H0+H1,79.16399998300044
SIMULATED,Reuse,SIM-H-0004,H0+H1+H2,81.44120958764401
SIMULATED,Reuse,SIM-H-0004,H0+H1+H2+H3,79.49407415462223
SIMULATED,Reuse,SIM-H-0005,H0,70.49371257134594
SIMULATED,Reuse,SIM-H-0005,H0+H1,75.5108074654938
SIMULATED,Reuse,SIM-H-0005,H0+H1+H2,80.11129996888309
SIMULATED,Reuse,SIM-H-0005,H0+H1+H2+H3,77.9405375423531
SIMULATED,Reuse,SIM-H-0006,H0,69.29902678245978
SIMULATED,Reuse,SIM-H-0006,H0+H1,79.02155680773707
SIMULATED,Reuse,SIM-H-0006,H0+H1+H2,75.90495263772716
SIMULATED,Reuse,SIM-H-0006,H0+H1+H2+H3,79.71351691724024
SIMULATED,Reuse,SIM-H-0007,H0,71.6625109575469
SIMULATED,Reuse,SIM-H-0007,H0+H1,77.91947242011966
SIMULATED,Reuse,SIM-H-0007,H0+H1+H2,81.69418230738329
SIMULATED,Reuse,SIM-H-0007,H0+H1+H2+H3,74.69276526434822
SIMULATED,Reuse,SIM-H-0008,H0,69.09010617806594
SIMULATED,Reuse,SIM-H-0008,H0+H1,75.91418876019623
SIMULATED,Reuse,SIM-H-0008,H0+H1+H2,78.36631743464962
SIMULATED,Reuse,SIM-H-0008,H0+H1+H2+H3,72.79158039381456
SIMULATED,Reuse,SIM-H-0009,H0,71.88297812093774
SIMULATED,Reuse,SIM-H-0009,H0+H1,76.32415567927062
SIMULATED,Reuse,SIM-H-0009,H0+H1+H2,80.61797353929047
SIMULATED,Reuse,SIM-H-0009,H0+H1+H2+H3,76.11731154731432
SIMULATED,Reuse,SIM-H-0010,H0,74.24074878433058
SIMULATED,Reuse,SIM-H-0010,H0+H1,75.26358836667968
SIMULATED,Reuse,SIM-H-0010,H0+H1+H2,77.23029838671057
SIMULATED,Reuse,SIM-H-0010,H0+H1+H2+H3,76.26149839569521
SIMULATED,Reuse,SIM-H-0011,H0,69.59963293465526
SIMULATED,Reuse,SIM-H-0011,H0+H1,77.71224425180964
SIMULATED,Reuse,SIM-H-0011,H0+H1+H2,78.94959223421488
SIMULATED,Reuse,SIM-H-0011,H0+H1+H2+H3,82.62894604060288
SIMULATED,Reuse,SIM-H-0012,H0,71.80487303882491
SIMULATED,Reuse,SIM-H-0012,H0+H1,77.98615377687834
SIMULATED,Reuse,SIM-H-0012,H0+H1+H2,81.4074724980798
SIMULATED,Reuse,SIM-H-0012,H0+H1+H2+H3,78.13211908133363
SIMULATED,Reuse,SIM-H-0013,H0,70.32301323546976
SIMULATED,Reuse,SIM-H-0013,H0+H1,71.51222888667891
SIMULATED,Reuse,SIM-H-0013,H0+H1+H2,78.247392913063
SIMULATED,Reuse,SIM-H-0013,H0+H1+H2+H3,80.76372958994143
SIMULATED,Reuse,SIM-H-0014,H0,76.1821578178203
SIMULATED,Reuse,SIM-H-0014,H0+H1,77.08596612838376
SIMULATED,Reuse,SIM-H-0014,H0+H1+H2,72.55821898833912
SIMULATED,Reuse,SIM-H-0014,H0+H1+H2+H3,77.70736962362965
SIMULATED,Reuse,SIM-H-0015,H0,71.23787135787555
SIMULATED,Reuse,SIM-H-0015,H0+H1,77.77714938536204
SIMULATED,Reuse,SIM-H-0015,H0+H1+H2,78.73788282976786
SIMULATED,Reuse,SIM-H-0015,H0+H1+H2+H3,80.0236524646943
SIMULATED,Reuse,SIM-H-0016,H0,73.05229245531332
SIMULATED,Reuse,SIM-H-0016,H0+H1,72.60072325056085
SIMULATED,Reuse,SIM-H-0016,H0+H1+H2,78.9669790595326
SIMULATED,Reuse,SIM-H-0016,H0+H1+H2+H3,77.74047240465761
SIMULATED,Reuse,SIM-H-0017,H0,69.64836248198107
SIMULATED,Reuse,SIM-H-0017,H0+H1,79.48968114331629
SIMULATED,Reuse,SIM-H-0017,H0+H1+H2,77.27224850279809
SIMULATED,Reuse,SIM-H-0017,H0+H1+H2+H3,75.32859135341661
SIMULATED,Reuse,SIM-H-0018,H0,74.20100016528819
SIMULATED,Reuse,SIM-H-0018,H0+H1,79.80487565409263
SIMULATED,Reuse,SIM-H-0018,H0+H1+H2,74.62573922940786
SIMULATED,Reuse,SIM-H-0018,H0+H1+H2+H3,79.3608679528548
SIMULATED,Reuse,SIM-H-0019,H0,73.55403542795307
SIMULATED,Reuse,SIM-H-0019,H0+H1,75.94004338814894
SIMULATED,Reuse,SIM-H-0019,H0+H1+H2,79.98632877221311
SIMULATED,Reuse,SIM-H-0019,H0+H1+H2+H3,79.80642362252438
SIMULATED,Reuse,SIM-H-0020,H0,73.09466862753101
SIMULATED,Reuse,SIM-H-0020,H0+H1,79.82254783551551
SIMULATED,Reuse,SIM-H-0020,H0+H1+H2,82.33488273447927
SIMULATED,Reuse,SIM-H-0020,H0+H1+H2+H3,81.10102932239467
SIMULATED,Reuse,SIM-H-0021,H0,73.39434050036634
SIMULATED,Reuse,SIM-H-0021,H0+H1,76.36943711906143
SIMULATED,Reuse,SIM-H-0021,H0+H1+H2,75.74069392199756
SIMULATED,Reuse,SIM-H-0021,H0+H1+H2+H3,83.18203843551784
SIMULATED,Reuse,SIM-H-0022,H0,72.87126444322976
SIMULATED,Reuse,SIM-H-0022,H0+H1,76.36256314468545
SIMULATED,Reuse,SIM-H-0022,H0+H1+H2,81.95568643967424
SIMULATED,Reuse,SIM-H-0022,H0+H1+H2+H3,82.26975710381886
SIMULATED,Reuse,SIM-H-0023,H0,70.56529075299467
SIMULATED,Reuse,SIM-H-0023,H0+H1,72.74350268115776
SIMULATED,Reuse,SIM-H-0023,H0+H1+H2,79.85182562380213
SIMULATED,Reuse,SIM-H-0023,H0+H1+H2+H3,79.21424976086708
SIMULATED,Reuse,SIM-H-0024,H0,70.16472690291123
SIMULATED,Reuse,SIM-H-0024,H0+H1,77.47324197820215
SIMULATED,Reuse,SIM-H-0024,H0+H1+H2,77.81840399216742
SIMULATED,Reuse,SIM-H-0024,H0+H1+H2+H3,76.26358271912027
SIMULATED,Reuse,SIM-H-0025,H0,73.91894132289622
SIMULATED,Reuse,SIM-H-0025,H0+H1,82.45626430538447
SIMULATED,Reuse,SIM-H-0025,H0+H1+H2,77.03037938246983
SIMULATED,Reuse,SIM-H-0025,H0+H1+H2+H3,75.92638149202705
SIMULATED,Reuse,SIM-H-0026,H0,72.4623570305981
SIMULATED,Reuse,SIM-H-0026,H0+H1,82.39486207528007
SIMULATED,Reuse,SIM-H-0026,H0+H1+H2,79.90452948520542
SIMULATED,Reuse,SIM-H-0026,H0+H1+H2+H3,78.00301839556481
SIMULATED,Reuse,SIM-H-0027,H0,72.0817560830038
SIMULATED,Reuse,SIM-H-0027,H0+H1,73.78840438266951
SIMULATED,Reuse,SIM-H-0027,H0+H1+H2,80.58471889318045
SIMULATED,Reuse,SIM-H-0027,H0+H1+H2+H3,75.98720018219629
SIMULATED,Reuse,SIM-H-0028,H0,69.14276946536093
SIMULATED,Reuse,SIM-H-0028,H0+H1,77.18245733827497
SIMULATED,Reuse,SIM-H-0028,H0+H1+H2,79.7307167552581
SIMULATED,Reuse,SIM-H-0028,H0+H1+H2+H3,77.96745570368081
SIMULATED,Reuse,SIM-H-0029,H0,72.56854460366861
SIMULATED,Reuse,SIM-H-0029,H0+H1,80.1048359587565
SIMULATED,Reuse,SIM-H-0029,H0+H1+H2,80.93293937448456
SIMULATED,Reuse,SIM-H-0029,H0+H1+H2+H3,78.48570993792923
SIMULATED,Reuse,SIM-H-0030,H0,73.05027868891347
SIMULATED,Reuse,SIM-H-0030,H0+H1,75.05534410213275
SIMULATED,Reuse,SIM-H-0030,H0+H1+H2,79.92825334545178
SIMULATED,Reuse,SIM-H-0030,H0+H1+H2+H3,81.73729401256512
SIMULATED,Reuse,SIM-H-0031,H0,70.2107135600445
SIMULATED,Reuse,SIM-H-0031,H0+H1,79.14544707690386
SIMULATED,Reuse,SIM-H-0031,H0+H1+H2,76.02956041960093
SIMULATED,Reuse,SIM-H-0031,H0+H1+H2+H3,81.91741325459834
SIMULATED,Reuse,SIM-H-0032,H0,72.64571078651693
SIMULATED,Reuse,SIM-H-0032,H0+H1,74.01663310211642
SIMULATED,Reuse,SIM-H-0032,H0+H1+H2,79.87977526698513
SIMULATED,Reuse,SIM-H-0032,H0+H1+H2+H3,77.44187355401226
SIMULATED,Reuse,SIM-H-0033,H0,71.442708686234
SIMULATED,Reuse,SIM-H-0033,H0+H1,77.0158044774275
SIMULATED,Reuse,SIM-H-0033,H0+H1+H2,78.48030233579418
SIMULATED,Reuse,SIM-H-0033,H0+H1+H2+H3,80.48618991280483
SIMULATED,Reuse,SIM-H-0034,H0,73.38031688292524
SIMULATED,Reuse,SIM-H-0034,H0+H1,77.1644412236499
SIMULATED,Reuse,SIM-H-0034,H0+H1+H2,77.82435214230698
SIMULATED,Reuse,SIM-H-0034,H0+H1+H2+H3,79.09226144334477
SIMULATED,Reuse,SIM-H-0035,H0,73.2949852279877
SIMULATED,Reuse,SIM-H-0035,H0+H1,74.50992012781666
SIMULATED,Reuse,SIM-H-0035,H0+H1+H2,78.7461008450743
SIMULATED,Reuse,SIM-H-0035,H0+H1+H2+H3,77.17233447290769
SIMULATED,Reuse,SIM-H-0036,H0,67.32702431516257
SIMULATED,Reuse,SIM-H-0036,H0+H1,73.451223365248
SIMULATED,Reuse,SIM-H-0036,H0+H1+H2,80.6723758896813
SIMULATED,Reuse,SIM-H-0036,H0+H1+H2+H3,75.39737982004968
SIMULATED,Reuse,SIM-H-0037,H0,71.24913547143821
SIMULATED,Reuse,SIM-H-0037,H0+H1,78.30661516096075
SIMULATED,Reuse,SIM-H-0037,H0+H1+H2,77.66331917384221
SIMULATED,Reuse,SIM-H-0037,H0+H1+H2+H3,76.05095877539473
SIMULATED,Reuse,SIM-H-0038,H0,70.95043948855518
SIMULATED,Reuse,SIM-H-0038,H0+H1,77.72555716044293
SIMULATED,Reuse,SIM-H-0038,H0+H1+H2,75.1734754095427
SIMULATED,Reuse,SIM-H-0038,H0+H1+H2+H3,74.71978236348008
SIMULATED,Reuse,SIM-H-0039,H0,73.51251325122438
SIMULATED,Reuse,SIM-H-0039,H0+H1,79.07141105490392
SIMULATED,Reuse,SIM-H-0039,H0+H1+H2,74.9364543664008
SIMULATED,Reuse,SIM-H-0039,H0+H1+H2+H3,74.02747939152593
SIMULATED,Reuse,SIM-H-0040,H0,74.34751012544085
SIMULATED,Reuse,SIM-H-0040,H0+H1,79.62209831006142
SIMULATED,Reuse,SIM-H-0040,H0+H1+H2,76.72602545470016
SIMULATED,Reuse,SIM-H-0040,H0+H1+H2+H3,76.17887298725365
SIMULATED,Reuse,SIM-H-0041,H0,74.93812290595444
SIMULATED,Reuse,SIM-H-0041,H0+H1,78.05102566002128
SIMULATED,Reuse,SIM-H-0041,H0+H1+H2,77.50563159188441
SIMULATED,Reuse,SIM-H-0041,H0+H1+H2+H3,76.82753470917976
SIMULATED,Reuse,SIM-H-0042,H0,73.63458124117898
SIMULATED,Reuse,SIM-H-0042,H0+H1,80.46909796748392
SIMULATED,Reuse,SIM-H-0042,H0+H1+H2,81.24441371496559
SIMULATED,Reuse,SIM-H-0042,H0+H1+H2+H3,80.0800046634485
SIMULATED,Reuse,SIM-H-0043,H0,75.26051287303329
SIMULATED,Reuse,SIM-H-0043,H0+H1,75.23392989520869
SIMULATED,Reuse,SIM-H-0043,H0+H1+H2,80.20174109157568
SIMULATED,Reuse,SIM-H-0043,H0+H1+H2+H3,77.70071350395263
SIMULATED,Reuse,SIM-H-0044,H0,68.82312644422417
SIMULATED,Reuse,SIM-H-0044,H0+H1,74.76668287702505
SIMULATED,Reuse,SIM-H-0044,H0+H1+H2,78.40567413780049
SIMULATED,Reuse,SIM-H-0044,H0+H1+H2+H3,77.91779398368371
SIMULATED,Reuse,SIM-H-0045,H0,72.93907320216174
SIMULATED,Reuse,SIM-H-0045,H0+H1,75.75221094096793
SIMULATED,Reuse,SIM-H-0045,H0+H1+H2,77.06275071584263
SIMULATED,Reuse,SIM-H-0045,H0+H1+H2+H3,76.1704440903155
SIMULATED,Reuse,SIM-H-0046,H0,71.55437857411843
SIMULATED,Reuse,SIM-H-0046,H0+H1,78.3365201662046
SIMULATED,Reuse,SIM-H-0046,H0+H1+H2,81.1480412985914
SIMULATED,Reuse,SIM-H-0046,H0+H1+H2+H3,81.59107784916681
SIMULATED,Reuse,SIM-H-0047,H0,68.04435934171313
SIMULATED,Reuse,SIM-H-0047,H0+H1,80.09353014737898
SIMULATED,Reuse,SIM-H-0047,H0+H1+H2,80.95393678185233
SIMULATED,Reuse,SIM-H-0047,H0+H1+H2+H3,79.64503053242541
SIMULATED,Reuse,SIM-H-0048,H0,71.50118264446341
SIMULATED,Reuse,SIM-H-0048,H0+H1,78.185950743018
SIMULATED,Reuse,SIM-H-0048,H0+H1+H2,76.30980536583371
SIMULATED,Reuse,SIM-H-0048,H0+H1+H2+H3,77.18049343803979
SIMULATED,Reuse,SIM-H-0049,H0,71.20618751438246
SIMULATED,Reuse,SIM-H-0049,H0+H1,74.83540346175346
SIMULATED,Reuse,SIM-H-0049,H0+H1+H2,78.0993804569081
SIMULATED,Reuse,SIM-H-0049,H0+H1+H2+H3,80.99541866930295
SIMULATED,Reuse,SIM-H-0050,H0,70.90990095407929
SIMULATED,Reuse,SIM-H-0050,H0+H1,76.68237057897558
SIMULATED,Reuse,SIM-H-0050,H0+H1+H2,80.59325650869344
SIMULATED,Reuse,SIM-H-0050,H0+H1+H2+H3,77.39339941724866
SIMULATED,Reuse,SIM-H-0051,H0,73.5565552375477
SIMULATED,Reuse,SIM-H-0051,H0+H1,75.42322890717455
SIMULATED,Reuse,SIM-H-0051,H0+H1+H2,75.34131032639144
SIMULATED,Reuse,SIM-H-0051,H0+H1+H2+H3,75.80755608846772
SIMULATED,Reuse,SIM-H-0052,H0,75.0260969346549
SIMULATED,Reuse,SIM-H-0052,H0+H1,73.85266177823951
SIMULATED,Reuse,SIM-H-0052,H0+H1+H2,81.97128114060283
SIMULATED,Reuse,SIM-H-0052,H0+H1+H2+H3,75.52478971910132
SIMULATED,Reuse,SIM-H-0053,H0,74.28566027188012
SIMULATED,Reuse,SIM-H-0053,H0+H1,78.89330850545039
SIMULATED,Reuse,SIM-H-0053,H0+H1+H2,79.08111857897245
SIMULATED,Reuse,SIM-H-0053,H0+H1+H2+H3,78.87526137182036
SIMULATED,Reuse,SIM-H-0054,H0,73.54037334171946
SIMULATED,Reuse,SIM-H-0054,H0+H1,77.04892555680522
SIMULATED,Reuse,SIM-H-0054,H0+H1+H2,77.81579678266246
SIMULATED,Reuse,SIM-H-0054,H0+H1+H2+H3,79.24042137303768
SIMULATED,Reuse,SIM-H-0055,H0,73.96126784142189
SIMULATED,Reuse,SIM-H-0055,H0+H1,76.0558017416857
SIMULATED,Reuse,SIM-H-0055,H0+H1+H2,82.03179524986778
SIMULATED,Reuse,SIM-H-0055,H0+H1+H2+H3,76.35881529260713
SIMULATED,Reuse,SIM-H-0056,H0,71.33410789590305
SIMULATED,Reuse,SIM-H-0056,H0+H1,74.24826084154616
SIMULATED,Reuse,SIM-H-0056,H0+H1+H2,78.65536366950282
SIMULATED,Reuse,SIM-H-0056,H0+H1+H2+H3,81.49032633584156
SIMULATED,Reuse,SIM-H-0057,H0,72.91077415966353
SIMULATED,Reuse,SIM-H-0057,H0+H1,79.54313387215478
SIMULATED,Reuse,SIM-H-0057,H0+H1+H2,81.79947652811516
SIMULATED,Reuse,SIM-H-0057,H0+H1+H2+H3,80.99111755826294
SIMULATED,Reuse,SIM-H-0058,H0,71.86261640756705
SIMULATED,Reuse,SIM-H-0058,H0+H1,79.07889729044396
SIMULATED,Reuse,SIM-H-0058,H0+H1+H2,78.6695699572116
SIMULATED,Reuse,SIM-H-0058,H0+H1+H2+H3,78.40024004934847
SIMULATED,Reuse,SIM-H-0059,H0,76.2169082937819
SIMULATED,Reuse,SIM-H-0059,H0+H1,72.97071136010177
SIMULATED,Reuse,SIM-H-0059,H0+H1+H2,81.06675131815062
SIMULATED,Reuse,SIM-H-0059,H0+H1+H2+H3,74.01571999016694
SIMULATED,Reuse,SIM-H-0060,H0,73.96703708846108
SIMULATED,Reuse,SIM-H-0060,H0+H1,75.83457229390044
SIMULATED,Reuse,SIM-H-0060,H0+H1+H2,78.3063008750481
SIMULATED,Reuse,SIM-H-0060,H0+H1+H2+H3,80.73459546876327
SIMULATED,Reuse,SIM-H-0061,H0,74.39518546894968
SIMULATED,Reuse,SIM-H-0061,H0+H1,80.14256473977267
SIMULATED,Reuse,SIM-H-0061,H0+H1+H2,76.98856359052142
SIMULATED,Reuse,SIM-H-0061,H0+H1+H2+H3,79.70740530065365
SIMULATED,Reuse,SIM-H-0062,H0,71.30712373207415
SIMULATED,Reuse,SIM-H-0062,H0+H1,75.0759770826877
SIMULATED,Reuse,SIM-H-0062,H0+H1+H2,79.28898036125608
SIMULATED,Reuse,SIM-H-0062,H0+H1+H2+H3,77.85853528133626
SIMULATED,Reuse,SIM-H-0063,H0,71.08753512970678
SIMULATED,Reuse,SIM-H-0063,H0+H1,75.52944454994912
SIMULATED,Reuse,SIM-H-0063,H0+H1+H2,81.98868891514259
SIMULATED,Reuse,SIM-H-0063,H0+H1+H2+H3,76.84749527389515
SIMULATED,Reuse,SIM-H-0064,H0,70.52259664632625
SIMULATED,Reuse,SIM-H-0064,H0+H1,77.62551023160385
SIMULATED,Reuse,SIM-H-0064,H0+H1+H2,75.86593160790098
SIMULATED,Reuse,SIM-H-0064,H0+H1+H2+H3,79.30809814282334
SIMULATED,Reuse,SIM-H-0065,H0,75.18044104047512
SIMULATED,Reuse,SIM-H-0065,H0+H1,77.96484677682403
SIMULATED,Reuse,SIM-H-0065,H0+H1+H2,78.80951729858113
SIMULATED,Reuse,SIM-H-0065,H0+H1+H2+H3,77.22313930203994
SIMULATED,Reuse,SIM-H-0066,H0,69.93532447004291
SIMULATED,Reuse,SIM-H-0066,H0+H1,77.56450987989663
SIMULATED,Reuse,SIM-H-0066,H0+H1+H2,79.72484526453228
SIMULATED,Reuse,SIM-H-0066,H0+H1+H2+H3,79.07025065598009
SIMULATED,Reuse,SIM-H-0067,H0,75.32647988952708
SIMULATED,Reuse,SIM-H-0067,H0+H1,75.01709251789802
SIMULATED,Reuse,SIM-H-0067,H0+H1+H2,81.63582640926415
SIMULATED,Reuse,SIM-H-0067,H0+H1+H2+H3,79.90198103529657
SIMULATED,Reuse,SIM-H-0068,H0,71.64746030706718
SIMULATED,Reuse,SIM-H-0068,H0+H1,78.69180664892971
SIMULATED,Reuse,SIM-H-0068,H0+H1+H2,79.03004838663207
SIMULATED,Reuse,SIM-H-0068,H0+H1+H2+H3,79.640906053385
SIMULATED,Reuse,SIM-H-0069,H0,70.04371497828166
SIMULATED,Reuse,SIM-H-0069,H0+H1,82.48652031671205
SIMULATED,Reuse,SIM-H-0069,H0+H1+H2,81.34620230369391
SIMULATED,Reuse,SIM-H-0069,H0+H1+H2+H3,74.98008662155708
SIMULATED,Reuse,SIM-H-0070,H0,73.14558579368564
SIMULATED,Reuse,SIM-H-0070,H0+H1,79.68939494959128
SIMULATED,Reuse,SIM-H-0070,H0+H1+H2,75.91220780771336
SIMULATED,Reuse,SIM-H-0070,H0+H1+H2+H3,80.98764117158537
SIMULATED,Reuse,SIM-H-0071,H0,71.09064672205923
SIMULATED,Reuse,SIM-H-0071,H0+H1,77.41351472379087
SIMULATED,Reuse,SIM-H-0071,H0+H1+H2,82.25516031161055
SIMULATED,Reuse,SIM-H-0071,H0+H1+H2+H3,76.74823405601671
SIMULATED,Reuse,SIM-H-0072,H0,73.96535918568843
SIMULATED,Reuse,SIM-H-0072,H0+H1,72.05508945667013
SIMULATED,Reuse,SIM-H-0072,H0+H1+H2,75.83802266531991
SIMULATED,Reuse,SIM-H-0072,H0+H1+H2+H3,81.79985070013066
SIMULATED,Reuse,SIM-H-0073,H0,74.26103714923298
SIMULATED,Reuse,SIM-H-0073,H0+H1,77.71682262470544
SIMULATED,Reuse,SIM-H-0073,H0+H1+H2,81.28160879023423
SIMULATED,Reuse,SIM-H-0073,H0+H1+H2+H3,79.60735521537103
SIMULATED,Reuse,SIM-H-0074,H0,74.6517058883856
SIMULATED,Reuse,SIM-H-0074,H0+H1,78.0539609440842
SIMULATED,Reuse,SIM-H-0074,H0+H1+H2,79.489271430442
SIMULATED,Reuse,SIM-H-0074,H0+H1+H2+H3,79.46394832522587
SIMULATED,Reuse,SIM-H-0075,H0,69.49050064364943
SIMULATED,Reuse,SIM-H-0075,H0+H1,77.98570914050775
SIMULATED,Reuse,SIM-H-0075,H0+H1+H2,83.43002848995843
SIMULATED,Reuse,SIM-H-0075,H0+H1+H2+H3,78.49173780410376
SIMULATED,Reuse,SIM-H-0076,H0,76.11537464658296
SIMULATED,Reuse,SIM-H-0076,H0+H1,72.12039677058148
SIMULATED,Reuse,SIM-H-0076,H0+H1+H2,79.50831194039311
SIMULATED,Reuse,SIM-H-0076,H0+H1+H2+H3,76.70544691053698
SIMULATED,Reuse,SIM-H-0077,H0,73.76549260763515
SIMULATED,Reuse,SIM-H-0077,H0+H1,76.53499899376912
SIMULATED,Reuse,SIM-H-0077,H0+H1+H2,80.5630494303827
SIMULATED,Reuse,SIM-H-0077,H0+H1+H2+H3,79.39950822583378
SIMULATED,Reuse,SIM-H-0078,H0,73.48358595713478
SIMULATED,Reuse,SIM-H-0078,H0+H1,79.27920549606688
SIMULATED,Reuse,SIM-H-0078,H0+H1+H2,78.38108309469477
SIMULATED,Reuse,SIM-H-0078,H0+H1+H2+H3,82.18235990511685
SIMULATED,Reuse,SIM-H-0079,H0,68.859499420476
SIMULATED,Reuse,SIM-H-0079,H0+H1,80.50988871516772
SIMULATED,Reuse,SIM-H-0079,H0+H1+H2,79.5792382445759
SIMULATED,Reuse,SIM-H-0079,H0+H1+H2+H3,77.37249330355934
SIMULATED,Reuse,SIM-H-0080,H0,68.09594560090879
SIMULATED,Reuse,SIM-H-0080,H0+H1,77.50380899025738
SIMULATED,Reuse,SIM-H-0080,H0+H1+H2,75.9383684711357
SIMULATED,Reuse,SIM-H-0080,H0+H1+H2+H3,78.49297016379899
SIMULATED,Reuse,SIM-H-0081,H0,66.12558701300313
SIMULATED,Reuse,SIM-H-0081,H0+H1,76.61081985476886
SIMULATED,Reuse,SIM-H-0081,H0+H1+H2,81.52990862442509
SIMULATED,Reuse,SIM-H-0081,H0+H1+H2+H3,79.52289618894902
SIMULATED,Reuse,SIM-H-0082,H0,70.74578711863457
SIMULATED,Reuse,SIM-H-0082,H0+H1,75.84284805557057
SIMULATED,Reuse,SIM-H-0082,H0+H1+H2,78.31685958202287
SIMULATED,Reuse,SIM-H-0082,H0+H1+H2+H3,77.5380641428282
SIMULATED,Reuse,SIM-H-0083,H0,72.93305605980731
SIMULATED,Reuse,SIM-H-0083,H0+H1,77.2479991417652
SIMULATED,Reuse,SIM-H-0083,H0+H1+H2,78.77892192222835
SIMULATED,Reuse,SIM-H-0083,H0+H1+H2+H3,75.83192436154856
SIMULATED,Reuse,SIM-H-0084,H0,69.40496995467736
SIMULATED,Reuse,SIM-H-0084,H0+H1,75.8426635761862
SIMULATED,Reuse,SIM-H-0084,H0+H1+H2,74.03078516987294
SIMULATED,Reuse,SIM-H-0084,H0+H1+H2+H3,82.26085219359928
SIMULATED,Reuse,SIM-H-0085,H0,71.39429938203413
SIMULATED,Reuse,SIM-H-0085,H0+H1,77.3497517516256
SIMULATED,Reuse,SIM-H-0085,H0+H1+H2,79.28064943646692
SIMULATED,Reuse,SIM-H-0085,H0+H1+H2+H3,79.94091183777306
SIMULATED,Reuse,SIM-H-0086,H0,70.2922727008112
SIMULATED,Reuse,SIM-H-0086,H0+H1,76.4903385111565
SIMULATED,Reuse,SIM-H-0086,H0+H1+H2,78.64538921503386
SIMULATED,Reuse,SIM-H-0086,H0+H1+H2+H3,76.51036244774001
SIMULATED,Reuse,SIM-H-0087,H0,73.64062214565611
SIMULATED,Reuse,SIM-H-0087,H0+H1,83.45177251159257
SIMULATED,Reuse,SIM-H-0087,H0+H1+H2,82.18555646213099
SIMULATED,Reuse,SIM-H-0087,H0+H1+H2+H3,79.176827270195
SIMULATED,Reuse,SIM-H-0088,H0,69.21812662626841
SIMULATED,Reuse,SIM-H-0088,H0+H1,77.00493017166339
SIMULATED,Reuse,SIM-H-0088,H0+H1+H2,77.37779678381834
SIMULATED,Reuse,SIM-H-0088,H0+H1+H2+H3,78.54557339955231
SIMULATED,Reuse,SIM-H-0089,H0,69.95578245048024
SIMULATED,Reuse,SIM-H-0089,H0+H1,76.55958999885598
SIMULATED,Reuse,SIM-H-0089,H0+H1+H2,81.9000062247594
SIMULATED,Reuse,SIM-H-0089,H0+H1+H2+H3,79.42529123609599
SIMULATED,Reuse,SIM-H-0090,H0,76.18978842837122
SIMULATED,Reuse,SIM-H-0090,H0+H1,80.75712932117929
SIMULATED,Reuse,SIM-H-0090,H0+H1+H2,80.97897058651925
SIMULATED,Reuse,SIM-H-0090,H0+H1+H2+H3,78.95875524967745
SIMULATED,Reuse,SIM-H-0091,H0,73.7294388596905
SIMULATED,Reuse,SIM-H-0091,H0+H1,80.57492431975035
SIMULATED,Reuse,SIM-H-0091,H0+H1+H2,76.54247675824324
SIMULATED,Reuse,SIM-H-0091,H0+H1+H2+H3,80.8950206086458
SIMULATED,Reuse,SIM-H-0092,H0,67.95028771475037
SIMULATED,Reuse,SIM-H-0092,H0+H1,76.37977664318377
SIMULATED,Reuse,SIM-H-0092,H0+H1+H2,80.05470571711245
SIMULATED,Reuse,SIM-H-0092,H0+H1+H2+H3,77.1346823746963
SIMULATED,Reuse,SIM-H-0093,H0,68.60521870102085
SIMULATED,Reuse,SIM-H-0093,H0+H1,77.88189678780577
SIMULATED,Reuse,SIM-H-0093,H0+H1+H2,78.27098595543669
SIMULATED,Reuse,SIM-H-0093,H0+H1+H2+H3,77.80684061691804
SIMULATED,Reuse,SIM-H-0094,H0,69.50566835807808
SIMULATED,Reuse,SIM-H-0094,H0+H1,74.84951469628274
SIMULATED,Reuse,SIM-H-0094,H0+H1+H2,79.48796086960701
SIMULATED,Reuse,SIM-H-0094,H0+H1+H2+H3,80.18083519402333
SIMULATED,Reuse,SIM-H-0095,H0,70.85760431709949
SIMULATED,Reuse,SIM-H-0095,H0+H1,77.28115117299139
SIMULATED,Reuse,SIM-H-0095,H0+H1+H2,83.31125545800396
SIMULATED,Reuse,SIM-H-0095,H0+H1+H2+H3,81.31794673442332
SIMULATED,Reuse,SIM-H-0096,H0,74.83262596632356
SIMULATED,Reuse,SIM-H-0096,H0+H1,79.08814204907559
SIMULATED,Reuse,SIM-H-0096,H0+H1+H2,79.05501854168591
SIMULATED,Reuse,SIM-H-0096,H0+H1+H2+H3,77.2740350962402
SIMULATED,Reuse,SIM-H-0097,H0,75.7477939530578
SIMULATED,Reuse,SIM-H-0097,H0+H1,78.53623470652768
SIMULATED,Reuse,SIM-H-0097,H0+H1+H2,82.0637004708919
SIMULATED,Reuse,SIM-H-0097,H0+H1+H2+H3,76.41105217286227
SIMULATED,Reuse,SIM-H-0098,H0,70.30856674914948
SIMULATED,Reuse,SIM-H-0098,H0+H1,77.90013796289395
SIMULATED,Reuse,SIM-H-0098,H0+H1+H2,78.03826249087936
SIMULATED,Reuse,SIM-H-0098,H0+H1+H2+H3,78.02173962928183
SIMULATED,Reuse,SIM-H-0099,H0,69.20188157523324
SIMULATED,Reuse,SIM-H-0099,H0+H1,73.00655923658135
SIMULATED,Reuse,SIM-H-0099,H0+H1+H2,80.52032954337403
SIMULATED,Reuse,SIM-H-0099,H0+H1+H2+H3,76.74521064258555
SIMULATED,Reuse,SIM-H-0100,H0,67.57420368008432
SIMULATED,Reuse,SIM-H-0100,H0+H1,78.2722709460416
SIMULATED,Reuse,SIM-H-0100,H0+H1+H2,77.99646195197059
SIMULATED,Reuse,SIM-H-0100,H0+H1+H2+H3,78.1037892381712
SIMULATED,Reuse,SIM-H-0101,H0,72.47046735187112
SIMULATED,Reuse,SIM-H-0101,H0+H1,80.05632826309555
SIMULATED,Reuse,SIM-H-0101,H0+H1+H2,81.16457009823422
SIMULATED,Reuse,SIM-H-0101,H0+H1+H2+H3,81.22063872449655
SIMULATED,Reuse,SIM-H-0102,H0,72.3303600428362
SIMULATED,Reuse,SIM-H-0102,H0+H1,76.07086682756935
SIMULATED,Reuse,SIM-H-0102,H0+H1+H2,79.70492618642555
SIMULATED,Reuse,SIM-H-0102,H0+H1+H2+H3,76.28127401386288
SIMULATED,Reuse,SIM-H-0103,H0,70.26896879324808
SIMULATED,Reuse,SIM-H-0103,H0+H1,76.07984579979903
SIMULATED,Reuse,SIM-H-0103,H0+H1+H2,77.01957238599425
SIMULATED,Reuse,SIM-H-0103,H0+H1+H2+H3,78.5664159568246
SIMULATED,Reuse,SIM-H-0104,H0,72.15317945146933
SIMULATED,Reuse,SIM-H-0104,H0+H1,77.52439223164096
SIMULATED,Reuse,SIM-H-0104,H0+H1+H2,76.83583080777393
SIMULATED,Reuse,SIM-H-0104,H0+H1+H2+H3,78.89524569297846
SIMULATED,Reuse,SIM-H-0105,H0,72.27775217025153
SIMULATED,Reuse,SIM-H-0105,H0+H1,82.94864064695285
SIMULATED,Reuse,SIM-H-0105,H0+H1+H2,83.00542428137841
SIMULATED,Reuse,SIM-H-0105,H0+H1+H2+H3,79.93037580595102
SIMULATED,Reuse,SIM-H-0106,H0,69.62583647374424
SIMULATED,Reuse,SIM-H-0106,H0+H1,81.12071035923039
SIMULATED,Reuse,SIM-H-0106,H0+H1+H2,78.61898143912043
SIMULATED,Reuse,SIM-H-0106,H0+H1+H2+H3,81.4448990706714
SIMULATED,Reuse,SIM-H-0107,H0,75.27886491503214
SIMULATED,Reuse,SIM-H-0107,H0+H1,78.30344959829577
SIMULATED,Reuse,SIM-H-0107,H0+H1+H2,78.45654538691596
SIMULATED,Reuse,SIM-H-0107,H0+H1+H2+H3,77.23278632943226
SIMULATED,Reuse,SIM-H-0108,H0,72.77220109290553
SIMULATED,Reuse,SIM-H-0108,H0+H1,78.19937528317917
SIMULATED,Reuse,SIM-H-0108,H0+H1+H2,80.41854124374652
SIMULATED,Reuse,SIM-H-0108,H0+H1+H2+H3,77.23032340368948
SIMULATED,Reuse,SIM-H-0109,H0,72.81325413924503
SIMULATED,Reuse,SIM-H-0109,H0+H1,75.99719468838799
SIMULATED,Reuse,SIM-H-0109,H0+H1+H2,80.90511017788212
SIMULATED,Reuse,SIM-H-0109,H0+H1+H2+H3,74.25812830409475
SIMULATED,Reuse,SIM-H-0110,H0,73.94471759091783
SIMULATED,Reuse,SIM-H-0110,H0+H1,77.43922859210011
SIMULATED,Reuse,SIM-H-0110,H0+H1+H2,81.51828850234986
SIMULATED,Reuse,SIM-H-0110,H0+H1+H2+H3,76.56085765524887
SIMULATED,Reuse,SIM-H-0111,H0,68.50512333706915
SIMULATED,Reuse,SIM-H-0111,H0+H1,75.55353433317339
SIMULATED,Reuse,SIM-H-0111,H0+H1+H2,78.47676686366188
SIMULATED,Reuse,SIM-H-0111,H0+H1+H2+H3,80.12417945879582
SIMULATED,Reuse,SIM-H-0112,H0,74.06119163001145
SIMULATED,Reuse,SIM-H-0112,H0+H1,75.9375381362246
SIMULATED,Reuse,SIM-H-0112,H0+H1+H2,81.30604605795753
SIMULATED,Reuse,SIM-H-0112,H0+H1+H2+H3,77.26966545933935
SIMULATED,Reuse,SIM-H-0113,H0,72.82434016044618
SIMULATED,Reuse,SIM-H-0113,H0+H1,77.00109103632526
SIMULATED,Reuse,SIM-H-0113,H0+H1+H2,79.79947729398727
SIMULATED,Reuse,SIM-H-0113,H0+H1+H2+H3,77.45633047692394
SIMULATED,Reuse,SIM-H-0114,H0,71.79399008193674
SIMULATED,Reuse,SIM-H-0114,H0+H1,78.27906966339081
SIMULATED,Reuse,SIM-H-0114,H0+H1+H2,79.69689513837196
SIMULATED,Reuse,SIM-H-0114,H0+H1+H2+H3,78.30065664517478
SIMULATED,Reuse,SIM-H-0115,H0,71.49618353675054
SIMULATED,Reuse,SIM-H-0115,H0+H1,75.73034642000007
SIMULATED,Reuse,SIM-H-0115,H0+H1+H2,78.68310304492549
SIMULATED,Reuse,SIM-H-0115,H0+H1+H2+H3,80.11965753223087
SIMULATED,Reuse,SIM-H-0116,H0,73.50085912249628
SIMULATED,Reuse,SIM-H-0116,H0+H1,74.12888146181795
SIMULATED,Reuse,SIM-H-0116,H0+H1+H2,76.87086961438206
SIMULATED,Reuse,SIM-H-0116,H0+H1+H2+H3,77.96533092699859
SIMULATED,Reuse,SIM-H-0117,H0,72.28143582332658
SIMULATED,Reuse,SIM-H-0117,H0+H1,74.15400110596329
SIMULATED,Reuse,SIM-H-0117,H0+H1+H2,77.22070806214796
SIMULATED,Reuse,SIM-H-0117,H0+H1+H2+H3,76.4162361477465
SIMULATED,Reuse,SIM-H-0118,H0,74.03508995986775
SIMULATED,Reuse,SIM-H-0118,H0+H1,77.30428041498169
SIMULATED,Reuse,SIM-H-0118,H0+H1+H2,79.78847504374907
SIMULATED,Reuse,SIM-H-0118,H0+H1+H2+H3,76.97429768822145
SIMULATED,Reuse,SIM-H-0119,H0,69.96551370800948
SIMULATED,Reuse,SIM-H-0119,H0+H1,79.47893878278597
SIMULATED,Reuse,SIM-H-0119,H0+H1+H2,80.61630490638693
SIMULATED,Reuse,SIM-H-0119,H0+H1+H2+H3,75.9517001485945
SIMULATED,Reuse,SIM-H-0120,H0,72.44974542233089
SIMULATED,Reuse,SIM-H-0120,H0+H1,77.45548545563848
SIMULATED,Reuse,SIM-H-0120,H0+H1+H2,81.42037832512186
SIMULATED,Reuse,SIM-H-0120,H0+H1+H2+H3,79.93964194661788
SIMULATED,Reuse,SIM-H-0121,H0,76.79524371410517
SIMULATED,Reuse,SIM-H-0121,H0+H1,78.75280616372135
SIMULATED,Reuse,SIM-H-0121,H0+H1+H2,78.63421492719388
SIMULATED,Reuse,SIM-H-0121,H0+H1+H2+H3,81.27579767517942
SIMULATED,Reuse,SIM-H-0122,H0,68.70087735927734
SIMULATED,Reuse,SIM-H-0122,H0+H1,76.88476286508391
SIMULATED,Reuse,SIM-H-0122,H0+H1+H2,82.83525353868875
SIMULATED,Reuse,SIM-H-0122,H0+H1+H2+H3,79.18889142925912
SIMULATED,Reuse,SIM-H-0123,H0,71.66645964955367
SIMULATED,Reuse,SIM-H-0123,H0+H1,77.37782276360556
SIMULATED,Reuse,SIM-H-0123,H0+H1+H2,84.44281473777615
SIMULATED,Reuse,SIM-H-0123,H0+H1+H2+H3,80.27633735383436
SIMULATED,Reuse,SIM-H-0124,H0,71.24472260104604
SIMULATED,Reuse,SIM-H-0124,H0+H1,77.36936085096445
SIMULATED,Reuse,SIM-H-0124,H0+H1+H2,81.60233305048321
SIMULATED,Reuse,SIM-H-0124,H0+H1+H2+H3,78.69185097460311
SIMULATED,Reuse,SIM-H-0125,H0,75.36439735535166
SIMULATED,Reuse,SIM-H-0125,H0+H1,76.77752134918397
SIMULATED,Reuse,SIM-H-0125,H0+H1+H2,82.03930782161659
SIMULATED,Reuse,SIM-H-0125,H0+H1+H2+H3,79.24617809391535
SIMULATED,Reuse,SIM-H-0126,H0,73.80675416680215
SIMULATED,Reuse,SIM-H-0126,H0+H1,75.27918804559184
SIMULATED,Reuse,SIM-H-0126,H0+H1+H2,80.593101773573
SIMULATED,Reuse,SIM-H-0126,H0+H1+H2+H3,79.431159202728
SIMULATED,Reuse,SIM-H-0127,H0,75.24486372099409
SIMULATED,Reuse,SIM-H-0127,H0+H1,76.32892869263672
SIMULATED,Reuse,SIM-H-0127,H0+H1+H2,77.56057742994051
SIMULATED,Reuse,SIM-H-0127,H0+H1+H2+H3,79.22561396723007
SIMULATED,Reuse,SIM-H-0128,H0,68.17163796760656
SIMULATED,Reuse,SIM-H-0128,H0+H1,75.44177024703916
SIMULATED,Reuse,SIM-H-0128,H0+H1+H2,81.28322199108513
SIMULATED,Reuse,SIM-H-0128,H0+H1+H2+H3,77.76027807124271
SIMULATED,Reuse,SIM-H-0129,H0,70.43008681166074
SIMULATED,Reuse,SIM-H-0129,H0+H1,80.78806617121487
SIMULATED,Reuse,SIM-H-0129,H0+H1+H2,74.75253210245857
SIMULATED,Reuse,SIM-H-0129,H0+H1+H2+H3,83.29168065137374
SIMULATED,Reuse,SIM-H-0130,H0,71.01365914950259
SIMULATED,Reuse,SIM-H-0130,H0+H1,74.71988871395772
SIMULATED,Reuse,SIM-H-0130,H0+H1+H2,79.0818950203032
SIMULATED,Reuse,SIM-H-0130,H0+H1+H2+H3,79.58289130628899
SIMULATED,Reuse,SIM-H-0131,H0,72.8391779367983
SIMULATED,Reuse,SIM-H-0131,H0+H1,73.59944552230438
SIMULATED,Reuse,SIM-H-0131,H0+H1+H2,77.42202385701837
SIMULATED,Reuse,SIM-H-0131,H0+H1+H2+H3,77.17931953152201
SIMULATED,Reuse,SIM-H-0132,H0,74.2219713009989
SIMULATED,Reuse,SIM-H-0132,H0+H1,80.92037900893565
SIMULATED,Reuse,SIM-H-0132,H0+H1+H2,77.14525938200295
SIMULATED,Reuse,SIM-H-0132,H0+H1+H2+H3,75.04294834263719
SIMULATED,Reuse,SIM-H-0133,H0,74.74644270834852
SIMULATED,Reuse,SIM-H-0133,H0+H1,77.16340604251553
SIMULATED,Reuse,SIM-H-0133,H0+H1+H2,75.81970220963088
SIMULATED,Reuse,SIM-H-0133,H0+H1+H2+H3,79.30833411415072
SIMULATED,Reuse,SIM-H-0134,H0,71.20406166441764
SIMULATED,Reuse,SIM-H-0134,H0+H1,75.12883965468758
SIMULATED,Reuse,SIM-H-0134,H0+H1+H2,79.35189294534194
SIMULATED,Reuse,SIM-H-0134,H0+H1+H2+H3,75.98817711598137
SIMULATED,Reuse,SIM-H-0135,H0,71.84559622636176
SIMULATED,Reuse,SIM-H-0135,H0+H1,77.9322668779806
SIMULATED,Reuse,SIM-H-0135,H0+H1+H2,79.17395329194888
SIMULATED,Reuse,SIM-H-0135,H0+H1+H2+H3,79.29373984392434
SIMULATED,Reuse,SIM-H-0136,H0,72.17388103322952
SIMULATED,Reuse,SIM-H-0136,H0+H1,74.09137254512197
SIMULATED,Reuse,SIM-H-0136,H0+H1+H2,81.54261780723108
SIMULATED,Reuse,SIM-H-0136,H0+H1+H2+H3,80.17411271218415
SIMULATED,Reuse,SIM-H-0137,H0,74.87140217850863
SIMULATED,Reuse,SIM-H-0137,H0+H1,71.8489949587887
SIMULATED,Reuse,SIM-H-0137,H0+H1+H2,80.29101372413119
SIMULATED,Reuse,SIM-H-0137,H0+H1+H2+H3,80.95601382808323
SIMULATED,Reuse,SIM-H-0138,H0,72.90359632628514
SIMULATED,Reuse,SIM-H-0138,H0+H1,76.9858540042726
SIMULATED,Reuse,SIM-H-0138,H0+H1+H2,82.35585851401329
SIMULATED,Reuse,SIM-H-0138,H0+H1+H2+H3,78.3957341762384
SIMULATED,Reuse,SIM-H-0139,H0,71.6509229061156
SIMULATED,Reuse,SIM-H-0139,H0+H1,76.05608811709081
SIMULATED,Reuse,SIM-H-0139,H0+H1+H2,77.34224432927216
SIMULATED,Reuse,SIM-H-0139,H0+H1+H2+H3,79.62188441343315
SIMULATED,Reuse,SIM-H-0140,H0,71.81622585642643
SIMULATED,Reuse,SIM-H-0140,H0+H1,79.09698369384566
SIMULATED,Reuse,SIM-H-0140,H0+H1+H2,77.80585442859187
SIMULATED,Reuse,SIM-H-0140,H0+H1+H2+H3,77.90306761166543
SIMULATED,Reuse,SIM-H-0141,H0,72.67478944580937
SIMULATED,Reuse,SIM-H-0141,H0+H1,75.26241212975259
SIMULATED,Reuse,SIM-H-0141,H0+H1+H2,79.17728730041576
SIMULATED,Reuse,SIM-H-0141,H0+H1+H2+H3,77.46510231146215
SIMULATED,Reuse,SIM-H-0142,H0,73.19762290145039
SIMULATED,Reuse,SIM-H-0142,H0+H1,80.90905534591985
SIMULATED,Reuse,SIM-H-0142,H0+H1+H2,80.87320729702054
SIMULATED,Reuse,SIM-H-0142,H0+H1+H2+H3,83.35861385650233
SIMULATED,Reuse,SIM-H-0143,H0,69.302832319834
SIMULATED,Reuse,SIM-H-0143,H0+H1,75.95508060589732
SIMULATED,Reuse,SIM-H-0143,H0+H1+H2,80.58473965689711
SIMULATED,Reuse,SIM-H-0143,H0+H1+H2+H3,77.53595736989165
SIMULATED,Reuse,SIM-H-0144,H0,72.60004468619917
SIMULATED,Reuse,SIM-H-0144,H0+H1,77.26947053815219
SIMULATED,Reuse,SIM-H-0144,H0+H1+H2,76.36039343072535
SIMULATED,Reuse,SIM-H-0144,H0+H1+H2+H3,80.32790210373729
SIMULATED,Reuse,SIM-H-0145,H0,70.68682872491655
SIMULATED,Reuse,SIM-H-0145,H0+H1,77.21094469987155
SIMULATED,Reuse,SIM-H-0145,H0+H1+H2,78.60117697038777
SIMULATED,Reuse,SIM-H-0145,H0+H1+H2+H3,76.00462256133375
SIMULATED,Reuse,SIM-H-0146,H0,72.55477693317724
SIMULATED,Reuse,SIM-H-0146,H0+H1,76.00790585194547
SIMULATED,Reuse,SIM-H-0146,H0+H1+H2,82.8091662611254
SIMULATED,Reuse,SIM-H-0146,H0+H1+H2+H3,80.4910174627383
SIMULATED,Reuse,SIM-H-0147,H0,72.1488068149491
SIMULATED,Reuse,SIM-H-0147,H0+H1,78.22830208005156
SIMULATED,Reuse,SIM-H-0147,H0+H1+H2,73.057062720181
SIMULATED,Reuse,SIM-H-0147,H0+H1+H2+H3,76.87866482658333
SIMULATED,Reuse,SIM-H-0148,H0,70.64682633494148
SIMULATED,Reuse,SIM-H-0148,H0+H1,76.75671682634456
SIMULATED,Reuse,SIM-H-0148,H0+H1+H2,76.35821295539444
SIMULATED,Reuse,SIM-H-0148,H0+H1+H2+H3,77.19415333578608
SIMULATED,Reuse,SIM-H-0149,H0,70.83833263803194
SIMULATED,Reuse,SIM-H-0149,H0+H1,76.5072766906832
SIMULATED,Reuse,SIM-H-0149,H0+H1+H2,78.52104819530314
SIMULATED,Reuse,SIM-H-0149,H0+H1+H2+H3,80.19649212806893
SIMULATED,Reuse,SIM-H-0150,H0,74.84065434255257
SIMULATED,Reuse,SIM-H-0150,H0+H1,73.73503449364092
SIMULATED,Reuse,SIM-H-0150,H0+H1+H2,82.16092010404043
SIMULATED,Reuse,SIM-H-0150,H0+H1+H2+H3,83.1611177715773
SIMULATED,Reuse,SIM-H-0151,H0,72.98957797544404
SIMULATED,Reuse,SIM-H-0151,H0+H1,74.0477825665397
SIMULATED,Reuse,SIM-H-0151,H0+H1+H2,83.00398039498609
SIMULATED,Reuse,SIM-H-0151,H0+H1+H2+H3,83.2945230859086
SIMULATED,Reuse,SIM-H-0152,H0,73.42357027204889
SIMULATED,Reuse,SIM-H-0152,H0+H1,76.56091375619478
SIMULATED,Reuse,SIM-H-0152,H0+H1+H2,81.23014254895068
SIMULATED,Reuse,SIM-H-0152,H0+H1+H2+H3,76.29776080026458
SIMULATED,Reuse,SIM-H-0153,H0,70.27880472574338
SIMULATED,Reuse,SIM-H-0153,H0+H1,74.15070246705882
SIMULATED,Reuse,SIM-H-0153,H0+H1+H2,77.23436401334848
SIMULATED,Reuse,SIM-H-0153,H0+H1+H2+H3,81.75365787061486
SIMULATED,Reuse,SIM-H-0154,H0,71.60240288644755
SIMULATED,Reuse,SIM-H-0154,H0+H1,77.96967687740644
SIMULATED,Reuse,SIM-H-0154,H0+H1+H2,79.38406544588267
SIMULATED,Reuse,SIM-H-0154,H0+H1+H2+H3,75.61769599965636
SIMULATED,Reuse,SIM-H-0155,H0,74.3410821095068
SIMULATED,Reuse,SIM-H-0155,H0+H1,75.08520697081444
SIMULATED,Reuse,SIM-H-0155,H0+H1+H2,81.39763848134275
SIMULATED,Reuse,SIM-H-0155,H0+H1+H2+H3,78.01200602903594
SIMULATED,Reuse,SIM-H-0156,H0,71.36770709798591
SIMULATED,Reuse,SIM-H-0156,H0+H1,81.03392185411013
SIMULATED,Reuse,SIM-H-0156,H0+H1+H2,78.60161571050018
SIMULATED,Reuse,SIM-H-0156,H0+H1+H2+H3,84.14469579729453
SIMULATED,Reuse,SIM-H-0157,H0,74.4910964274065
SIMULATED,Reuse,SIM-H-0157,H0+H1,79.82945227263166
SIMULATED,Reuse,SIM-H-0157,H0+H1+H2,82.29956275960164
SIMULATED,Reuse,SIM-H-0157,H0+H1+H2+H3,79.62140892401952
SIMULATED,Reuse,SIM-H-0158,H0,78.83302055353847
SIMULATED,Reuse,SIM-H-0158,H0+H1,76.72593450848471
SIMULATED,Reuse,SIM-H-0158,H0+H1+H2,78.95535692159073
SIMULATED,Reuse,SIM-H-0158,H0+H1+H2+H3,72.62583031604325
SIMULATED,Reuse,SIM-H-0159,H0,65.87445610136686
SIMULATED,Reuse,SIM-H-0159,H0+H1,75.53428006366043
SIMULATED,Reuse,SIM-H-0159,H0+H1+H2,83.1988412529246
SIMULATED,Reuse,SIM-H-0159,H0+H1+H2+H3,80.6736737125574
SIMULATED,Collect,SIM-H-0000,H0,70.20957142862719
SIMULATED,Collect,SIM-H-0000,H0+H1,72.34858147126543
SIMULATED,Collect,SIM-H-0000,H0+H1+H2,77.87053083127186
SIMULATED,Collect,SIM-H-0000,H0+H1+H2+H3,76.94503909831204
SIMULATED,Collect,SIM-H-0001,H0,69.88550183427286
SIMULATED,Collect,SIM-H-0001,H0+H1,74.04720657020272
SIMULATED,Collect,SIM-H-0001,H0+H1+H2,78.59375208553213
SIMULATED,Collect,SIM-H-0001,H0+H1+H2+H3,75.54055320145342
SIMULATED,Collect,SIM-H-0002,H0,71.02800487372188
SIMULATED,Collect,SIM-H-0002,H0+H1,72.19612765503715
SIMULATED,Collect,SIM-H-0002,H0+H1+H2,80.86213013785536
SIMULATED,Collect,SIM-H-0002,H0+H1+H2+H3,75.20734162146886
SIMULATED,Collect,SIM-H-0003,H0,74.40637204151518
SIMULATED,Collect,SIM-H-0003,H0+H1,71.46013133184468
SIMULATED,Collect,SIM-H-0003,H0+H1+H2,77.82886368470625
SIMULATED,Collect,SIM-H-0003,H0+H1+H2+H3,76.33639252816354
SIMULATED,Collect,SIM-H-0004,H0,69.26707443495374
SIMULATED,Collect,SIM-H-0004,H0+H1,75.54647694080356
SIMULATED,Collect,SIM-H-0004,H0+H1+H2,78.20940467504047
SIMULATED,Collect,SIM-H-0004,H0+H1+H2+H3,82.14529601387488
SIMULATED,Collect,SIM-H-0005,H0,69.30641196245564
SIMULATED,Collect,SIM-H-0005,H0+H1,76.45447444298735
SIMULATED,Collect,SIM-H-0005,H0+H1+H2,82.4486507341008
SIMULATED,Collect,SIM-H-0005,H0+H1+H2+H3,80.78473418354524
SIMULATED,Collect,SIM-H-0006,H0,72.31932065600859
SIMULATED,Collect,SIM-H-0006,H0+H1,75.889711072169
SIMULATED,Collect,SIM-H-0006,H0+H1+H2,79.12915388162085
SIMULATED,Collect,SIM-H-0006,H0+H1+H2+H3,75.21915618339423
SIMULATED,Collect,SIM-H-0007,H0,71.10274014232328
SIMULATED,Collect,SIM-H-0007,H0+H1,75.4067438427906
SIMULATED,Collect,SIM-H-0007,H0+H1+H2,74.290538646679
SIMULATED,Collect,SIM-H-0007,H0+H1+H2+H3,75.01297170774417
SIMULATED,Collect,SIM-H-0008,H0,75.36611649765592
SIMULATED,Collect,SIM-H-0008,H0+H1,73.91237402519559
SIMULATED,Collect,SIM-H-0008,H0+H1+H2,78.87747726296257
SIMULATED,Collect,SIM-H-0008,H0+H1+H2+H3,80.83085839906585
SIMULATED,Collect,SIM-H-0009,H0,69.16002388306978
SIMULATED,Collect,SIM-H-0009,H0+H1,79.7549406494165
SIMULATED,Collect,SIM-H-0009,H0+H1+H2,79.27100200449063
SIMULATED,Collect,SIM-H-0009,H0+H1+H2+H3,72.78100992713675
SIMULATED,Collect,SIM-H-0010,H0,73.71517589275733
SIMULATED,Collect,SIM-H-0010,H0+H1,74.15180668890562
SIMULATED,Collect,SIM-H-0010,H0+H1+H2,76.6923615090007
SIMULATED,Collect,SIM-H-0010,H0+H1+H2+H3,75.6356120578593
SIMULATED,Collect,SIM-H-0011,H0,69.84271212056886
SIMULATED,Collect,SIM-H-0011,H0+H1,73.10009523160427
SIMULATED,Collect,SIM-H-0011,H0+H1+H2,75.89670427757156
SIMULATED,Collect,SIM-H-0011,H0+H1+H2+H3,74.41599145272298
SIMULATED,Collect,SIM-H-0012,H0,75.863724006891
SIMULATED,Collect,SIM-H-0012,H0+H1,75.6246992988839
SIMULATED,Collect,SIM-H-0012,H0+H1+H2,80.86676743236892
SIMULATED,Collect,SIM-H-0012,H0+H1+H2+H3,77.36738445296969
SIMULATED,Collect,SIM-H-0013,H0,67.59824384648076
SIMULATED,Collect,SIM-H-0013,H0+H1,74.57042691403544
SIMULATED,Collect,SIM-H-0013,H0+H1+H2,75.4889660139084
SIMULATED,Collect,SIM-H-0013,H0+H1+H2+H3,79.49156969911645
SIMULATED,Collect,SIM-H-0014,H0,73.31046668583252
SIMULATED,Collect,SIM-H-0014,H0+H1,71.86432398539476
SIMULATED,Collect,SIM-H-0014,H0+H1+H2,79.82143837460728
SIMULATED,Collect,SIM-H-0014,H0+H1+H2+H3,74.87902857014312
SIMULATED,Collect,SIM-H-0015,H0,68.6222213850982
SIMULATED,Collect,SIM-H-0015,H0+H1,71.97911644431069
SIMULATED,Collect,SIM-H-0015,H0+H1+H2,79.55956591865602
SIMULATED,Collect,SIM-H-0015,H0+H1+H2+H3,78.86405000126372
SIMULATED,Collect,SIM-H-0016,H0,72.62828343727539
SIMULATED,Collect,SIM-H-0016,H0+H1,77.82545510364523
SIMULATED,Collect,SIM-H-0016,H0+H1+H2,74.22809498640949
SIMULATED,Collect,SIM-H-0016,H0+H1+H2+H3,78.52040603274901
SIMULATED,Collect,SIM-H-0017,H0,68.21388344065805
SIMULATED,Collect,SIM-H-0017,H0+H1,75.55155110479588
SIMULATED,Collect,SIM-H-0017,H0+H1+H2,80.88936902775698
SIMULATED,Collect,SIM-H-0017,H0+H1+H2+H3,76.98228675704657
SIMULATED,Collect,SIM-H-0018,H0,71.2638141181395
SIMULATED,Collect,SIM-H-0018,H0+H1,72.98536021749634
SIMULATED,Collect,SIM-H-0018,H0+H1+H2,78.11812527821847
SIMULATED,Collect,SIM-H-0018,H0+H1+H2+H3,75.94698691407167
SIMULATED,Collect,SIM-H-0019,H0,72.89838164267955
SIMULATED,Collect,SIM-H-0019,H0+H1,75.11833128785803
SIMULATED,Collect,SIM-H-0019,H0+H1+H2,78.90608170220325
SIMULATED,Collect,SIM-H-0019,H0+H1+H2+H3,79.38579525785777
SIMULATED,Collect,SIM-H-0020,H0,68.37489412431079
SIMULATED,Collect,SIM-H-0020,H0+H1,73.5753452946664
SIMULATED,Collect,SIM-H-0020,H0+H1+H2,81.40839169185311
SIMULATED,Collect,SIM-H-0020,H0+H1+H2+H3,81.11489222149251
SIMULATED,Collect,SIM-H-0021,H0,74.00970933667386
SIMULATED,Collect,SIM-H-0021,H0+H1,72.28717033389944
SIMULATED,Collect,SIM-H-0021,H0+H1+H2,79.41670046194675
SIMULATED,Collect,SIM-H-0021,H0+H1+H2+H3,75.84587792827296
SIMULATED,Collect,SIM-H-0022,H0,74.31444212700917
SIMULATED,Collect,SIM-H-0022,H0+H1,75.125319006128
SIMULATED,Collect,SIM-H-0022,H0+H1+H2,79.87286966724203
SIMULATED,Collect,SIM-H-0022,H0+H1+H2+H3,76.31424873018221
SIMULATED,Collect,SIM-H-0023,H0,70.06464507167433
SIMULATED,Collect,SIM-H-0023,H0+H1,72.23777032284337
SIMULATED,Collect,SIM-H-0023,H0+H1+H2,78.68969086267816
SIMULATED,Collect,SIM-H-0023,H0+H1+H2+H3,75.83001258676109
SIMULATED,Collect,SIM-H-0024,H0,72.69786345588626
SIMULATED,Collect,SIM-H-0024,H0+H1,74.57983976671495
SIMULATED,Collect,SIM-H-0024,H0+H1+H2,79.28311338912269
SIMULATED,Collect,SIM-H-0024,H0+H1+H2+H3,75.7010774483429
SIMULATED,Collect,SIM-H-0025,H0,70.0308769310809
SIMULATED,Collect,SIM-H-0025,H0+H1,72.29216605362954
SIMULATED,Collect,SIM-H-0025,H0+H1+H2,79.58408261982294
SIMULATED,Collect,SIM-H-0025,H0+H1+H2+H3,80.48273441298058
SIMULATED,Collect,SIM-H-0026,H0,65.24140258097498
SIMULATED,Collect,SIM-H-0026,H0+H1,75.32619151193093
SIMULATED,Collect,SIM-H-0026,H0+H1+H2,75.9572373506627
SIMULATED,Collect,SIM-H-0026,H0+H1+H2+H3,81.92840931560778
SIMULATED,Collect,SIM-H-0027,H0,66.05474999745303
SIMULATED,Collect,SIM-H-0027,H0+H1,72.38840172033987
SIMULATED,Collect,SIM-H-0027,H0+H1+H2,73.95035264363325
SIMULATED,Collect,SIM-H-0027,H0+H1+H2+H3,77.65637650693715
SIMULATED,Collect,SIM-H-0028,H0,69.98268870569389
SIMULATED,Collect,SIM-H-0028,H0+H1,72.55055267566111
SIMULATED,Collect,SIM-H-0028,H0+H1+H2,76.86936064779884
SIMULATED,Collect,SIM-H-0028,H0+H1+H2+H3,78.14821901904082
SIMULATED,Collect,SIM-H-0029,H0,70.98628300949976
SIMULATED,Collect,SIM-H-0029,H0+H1,76.32960055433365
SIMULATED,Collect,SIM-H-0029,H0+H1+H2,75.11638579845335
SIMULATED,Collect,SIM-H-0029,H0+H1+H2+H3,78.21733855081078
SIMULATED,Collect,SIM-H-0030,H0,74.39756499146421
SIMULATED,Collect,SIM-H-0030,H0+H1,72.7659422085601
SIMULATED,Collect,SIM-H-0030,H0+H1+H2,78.8151175872845
SIMULATED,Collect,SIM-H-0030,H0+H1+H2+H3,76.17467516257177
SIMULATED,Collect,SIM-H-0031,H0,72.26913649523186
SIMULATED,Collect,SIM-H-0031,H0+H1,70.57961084010206
SIMULATED,Collect,SIM-H-0031,H0+H1+H2,79.67178508104001
SIMULATED,Collect,SIM-H-0031,H0+H1+H2+H3,78.80022301921906
SIMULATED,Collect,SIM-H-0032,H0,70.32917657136723
SIMULATED,Collect,SIM-H-0032,H0+H1,73.944356335539
SIMULATED,Collect,SIM-H-0032,H0+H1+H2,78.73072512975264
SIMULATED,Collect,SIM-H-0032,H0+H1+H2+H3,79.82973271063139
SIMULATED,Collect,SIM-H-0033,H0,71.57139890326893
SIMULATED,Collect,SIM-H-0033,H0+H1,77.98205202242983
SIMULATED,Collect,SIM-H-0033,H0+H1+H2,79.31416445296146
SIMULATED,Collect,SIM-H-0033,H0+H1+H2+H3,76.71688170164363
SIMULATED,Collect,SIM-H-0034,H0,73.13554584334531
SIMULATED,Collect,SIM-H-0034,H0+H1,78.81844687567727
SIMULATED,Collect,SIM-H-0034,H0+H1+H2,76.56135425039412
SIMULATED,Collect,SIM-H-0034,H0+H1+H2+H3,78.39040233997792
SIMULATED,Collect,SIM-H-0035,H0,70.69076282109552
SIMULATED,Collect,SIM-H-0035,H0+H1,76.76889392288717
SIMULATED,Collect,SIM-H-0035,H0+H1+H2,74.89286273888388
SIMULATED,Collect,SIM-H-0035,H0+H1+H2+H3,80.13554976660566
SIMULATED,Collect,SIM-H-0036,H0,71.55585080124146
SIMULATED,Collect,SIM-H-0036,H0+H1,76.30467766770604
SIMULATED,Collect,SIM-H-0036,H0+H1+H2,78.87627336619487
SIMULATED,Collect,SIM-H-0036,H0+H1+H2+H3,72.17641928856781
SIMULATED,Collect,SIM-H-0037,H0,68.06127312528042
SIMULATED,Collect,SIM-H-0037,H0+H1,74.8866082566196
SIMULATED,Collect,SIM-H-0037,H0+H1+H2,78.03531146260296
SIMULATED,Collect,SIM-H-0037,H0+H1+H2+H3,79.05232918525347
SIMULATED,Collect,SIM-H-0038,H0,71.67274742632864
SIMULATED,Collect,SIM-H-0038,H0+H1,73.60030986365767
SIMULATED,Collect,SIM-H-0038,H0+H1+H2,81.44199615050682
SIMULATED,Collect,SIM-H-0038,H0+H1+H2+H3,78.10599649864643
SIMULATED,Collect,SIM-H-0039,H0,68.93488408757393
SIMULATED,Collect,SIM-H-0039,H0+H1,71.45142617576896
SIMULATED,Collect,SIM-H-0039,H0+H1+H2,78.55500442721839
SIMULATED,Collect,SIM-H-0039,H0+H1+H2+H3,76.84747475919261
SIMULATED,Collect,SIM-H-0040,H0,69.67710871509132
SIMULATED,Collect,SIM-H-0040,H0+H1,76.23147257960878
SIMULATED,Collect,SIM-H-0040,H0+H1+H2,80.84220923944851
SIMULATED,Collect,SIM-H-0040,H0+H1+H2+H3,80.96108681925037
SIMULATED,Collect,SIM-H-0041,H0,69.33404603464227
SIMULATED,Collect,SIM-H-0041,H0+H1,75.48946912409491
SIMULATED,Collect,SIM-H-0041,H0+H1+H2,77.31708921599564
SIMULATED,Collect,SIM-H-0041,H0+H1+H2+H3,79.4113480660974
SIMULATED,Collect,SIM-H-0042,H0,72.49732479365628
SIMULATED,Collect,SIM-H-0042,H0+H1,80.7030091744686
SIMULATED,Collect,SIM-H-0042,H0+H1+H2,82.16385977156614
SIMULATED,Collect,SIM-H-0042,H0+H1+H2+H3,75.13782570791375
SIMULATED,Collect,SIM-H-0043,H0,70.16495212037644
SIMULATED,Collect,SIM-H-0043,H0+H1,69.17800022543848
SIMULATED,Collect,SIM-H-0043,H0+H1+H2,77.34069221152927
SIMULATED,Collect,SIM-H-0043,H0+H1+H2+H3,79.18204360260023
SIMULATED,Collect,SIM-H-0044,H0,75.61412285629008
SIMULATED,Collect,SIM-H-0044,H0+H1,72.55569412301358
SIMULATED,Collect,SIM-H-0044,H0+H1+H2,79.78912160990065
SIMULATED,Collect,SIM-H-0044,H0+H1+H2+H3,78.71664054985825
SIMULATED,Collect,SIM-H-0045,H0,72.0379819400453
SIMULATED,Collect,SIM-H-0045,H0+H1,76.81652148035047
SIMULATED,Collect,SIM-H-0045,H0+H1+H2,80.5523750632258
SIMULATED,Collect,SIM-H-0045,H0+H1+H2+H3,70.87799077970601
SIMULATED,Collect,SIM-H-0046,H0,69.40735061725687
SIMULATED,Collect,SIM-H-0046,H0+H1,75.13622179669177
SIMULATED,Collect,SIM-H-0046,H0+H1+H2,81.64592695147677
SIMULATED,Collect,SIM-H-0046,H0+H1+H2+H3,78.86438285606823
SIMULATED,Collect,SIM-H-0047,H0,67.71680877937501
SIMULATED,Collect,SIM-H-0047,H0+H1,76.0047691545179
SIMULATED,Collect,SIM-H-0047,H0+H1+H2,79.22438965968247
SIMULATED,Collect,SIM-H-0047,H0+H1+H2+H3,76.68445192062562
SIMULATED,Collect,SIM-H-0048,H0,75.10431304986434
SIMULATED,Collect,SIM-H-0048,H0+H1,73.93585661766204
SIMULATED,Collect,SIM-H-0048,H0+H1+H2,72.40672234481534
SIMULATED,Collect,SIM-H-0048,H0+H1+H2+H3,74.90798529434475
SIMULATED,Collect,SIM-H-0049,H0,72.16395337305995
SIMULATED,Collect,SIM-H-0049,H0+H1,75.94081124074044
SIMULATED,Collect,SIM-H-0049,H0+H1+H2,80.1330924490736
SIMULATED,Collect,SIM-H-0049,H0+H1+H2+H3,71.80794755692077
SIMULATED,Collect,SIM-H-0050,H0,75.934514228704
SIMULATED,Collect,SIM-H-0050,H0+H1,75.58691142770205
SIMULATED,Collect,SIM-H-0050,H0+H1+H2,82.275965766334
SIMULATED,Collect,SIM-H-0050,H0+H1+H2+H3,72.76402944471485
SIMULATED,Collect,SIM-H-0051,H0,70.35123566808197
SIMULATED,Collect,SIM-H-0051,H0+H1,76.4187618185637
SIMULATED,Collect,SIM-H-0051,H0+H1+H2,78.95889542685674
SIMULATED,Collect,SIM-H-0051,H0+H1+H2+H3,77.59580790831669
SIMULATED,Collect,SIM-H-0052,H0,68.84955615993665
SIMULATED,Collect,SIM-H-0052,H0+H1,75.21765211235459
SIMULATED,Collect,SIM-H-0052,H0+H1+H2,75.40157486065699
SIMULATED,Collect,SIM-H-0052,H0+H1+H2+H3,74.22412041790066
SIMULATED,Collect,SIM-H-0053,H0,71.67408187907604
SIMULATED,Collect,SIM-H-0053,H0+H1,74.48410471145596
SIMULATED,Collect,SIM-H-0053,H0+H1+H2,76.15015411545889
SIMULATED,Collect,SIM-H-0053,H0+H1+H2+H3,80.57866620057493
SIMULATED,Collect,SIM-H-0054,H0,71.91553912721461
SIMULATED,Collect,SIM-H-0054,H0+H1,73.89575449937422
SIMULATED,Collect,SIM-H-0054,H0+H1+H2,76.92770470773527
SIMULATED,Collect,SIM-H-0054,H0+H1+H2+H3,76.99741092707457
SIMULATED,Collect,SIM-H-0055,H0,73.59727493983215
SIMULATED,Collect,SIM-H-0055,H0+H1,74.63394960959327
SIMULATED,Collect,SIM-H-0055,H0+H1+H2,75.720720650845
SIMULATED,Collect,SIM-H-0055,H0+H1+H2+H3,76.96841942859363
SIMULATED,Collect,SIM-H-0056,H0,70.65310544307582
SIMULATED,Collect,SIM-H-0056,H0+H1,71.40031286353377
SIMULATED,Collect,SIM-H-0056,H0+H1+H2,82.19351857593634
SIMULATED,Collect,SIM-H-0056,H0+H1+H2+H3,77.43948220591118
SIMULATED,Collect,SIM-H-0057,H0,69.37507067183297
SIMULATED,Collect,SIM-H-0057,H0+H1,74.99643042323713
SIMULATED,Collect,SIM-H-0057,H0+H1+H2,79.68743506343236
SIMULATED,Collect,SIM-H-0057,H0+H1+H2+H3,80.72094258886884
SIMULATED,Collect,SIM-H-0058,H0,69.06794708793396
SIMULATED,Collect,SIM-H-0058,H0+H1,73.32870984538008
SIMULATED,Collect,SIM-H-0058,H0+H1+H2,75.44004644035769
SIMULATED,Collect,SIM-H-0058,H0+H1+H2+H3,77.89899195295185
SIMULATED,Collect,SIM-H-0059,H0,69.59502790572193
SIMULATED,Collect,SIM-H-0059,H0+H1,73.29373468188369
SIMULATED,Collect,SIM-H-0059,H0+H1+H2,80.56844548408135
SIMULATED,Collect,SIM-H-0059,H0+H1+H2+H3,77.65288398387005
SIMULATED,Collect,SIM-H-0060,H0,68.2288677561239
SIMULATED,Collect,SIM-H-0060,H0+H1,73.72776495837319
SIMULATED,Collect,SIM-H-0060,H0+H1+H2,78.8316534215328
SIMULATED,Collect,SIM-H-0060,H0+H1+H2+H3,77.28598458018179
SIMULATED,Collect,SIM-H-0061,H0,67.05840232730698
SIMULATED,Collect,SIM-H-0061,H0+H1,76.33427352966815
SIMULATED,Collect,SIM-H-0061,H0+H1+H2,78.83764220409024
SIMULATED,Collect,SIM-H-0061,H0+H1+H2+H3,78.64682553930074
SIMULATED,Collect,SIM-H-0062,H0,69.36884033900328
SIMULATED,Collect,SIM-H-0062,H0+H1,77.47586271812453
SIMULATED,Collect,SIM-H-0062,H0+H1+H2,72.03065852200747
SIMULATED,Collect,SIM-H-0062,H0+H1+H2+H3,75.9900894075431
SIMULATED,Collect,SIM-H-0063,H0,74.34685682711135
SIMULATED,Collect,SIM-H-0063,H0+H1,77.76930925990132
SIMULATED,Collect,SIM-H-0063,H0+H1+H2,72.85539655246652
SIMULATED,Collect,SIM-H-0063,H0+H1+H2+H3,76.49140566692479
SIMULATED,Collect,SIM-H-0064,H0,73.08076273951279
SIMULATED,Collect,SIM-H-0064,H0+H1,69.47679853723666
SIMULATED,Collect,SIM-H-0064,H0+H1+H2,77.08828320584644
SIMULATED,Collect,SIM-H-0064,H0+H1+H2+H3,76.50339420817849
SIMULATED,Collect,SIM-H-0065,H0,73.79407123433283
SIMULATED,Collect,SIM-H-0065,H0+H1,73.1090519383459
SIMULATED,Collect,SIM-H-0065,H0+H1+H2,75.20599429078892
SIMULATED,Collect,SIM-H-0065,H0+H1+H2+H3,82.32665601196486
SIMULATED,Collect,SIM-H-0066,H0,70.35921628957587
SIMULATED,Collect,SIM-H-0066,H0+H1,73.22851957251574
SIMULATED,Collect,SIM-H-0066,H0+H1+H2,76.8237648078255
SIMULATED,Collect,SIM-H-0066,H0+H1+H2+H3,81.24757250020733
SIMULATED,Collect,SIM-H-0067,H0,69.78045303658568
SIMULATED,Collect,SIM-H-0067,H0+H1,75.061883698395
SIMULATED,Collect,SIM-H-0067,H0+H1+H2,80.84536627910836
SIMULATED,Collect,SIM-H-0067,H0+H1+H2+H3,82.36036457050562
SIMULATED,Collect,SIM-H-0068,H0,70.82054629392815
SIMULATED,Collect,SIM-H-0068,H0+H1,75.29014551752141
SIMULATED,Collect,SIM-H-0068,H0+H1+H2,77.36538539249476
SIMULATED,Collect,SIM-H-0068,H0+H1+H2+H3,80.14774036779004
SIMULATED,Collect,SIM-H-0069,H0,72.81010818880482
SIMULATED,Collect,SIM-H-0069,H0+H1,72.81145679885371
SIMULATED,Collect,SIM-H-0069,H0+H1+H2,79.78840619646606
SIMULATED,Collect,SIM-H-0069,H0+H1+H2+H3,79.77578566731158
SIMULATED,Collect,SIM-H-0070,H0,75.178135430401
SIMULATED,Collect,SIM-H-0070,H0+H1,72.98160343108533
SIMULATED,Collect,SIM-H-0070,H0+H1+H2,78.28302225746648
SIMULATED,Collect,SIM-H-0070,H0+H1+H2+H3,77.61893621472782
SIMULATED,Collect,SIM-H-0071,H0,71.55144059303717
SIMULATED,Collect,SIM-H-0071,H0+H1,76.85358728580889
SIMULATED,Collect,SIM-H-0071,H0+H1+H2,78.50339483020552
SIMULATED,Collect,SIM-H-0071,H0+H1+H2+H3,78.77348524427148
SIMULATED,Collect,SIM-H-0072,H0,68.56694797994378
SIMULATED,Collect,SIM-H-0072,H0+H1,75.0014258299427
SIMULATED,Collect,SIM-H-0072,H0+H1+H2,79.91015882940911
SIMULATED,Collect,SIM-H-0072,H0+H1+H2+H3,79.73582601144201
SIMULATED,Collect,SIM-H-0073,H0,74.12526759373344
SIMULATED,Collect,SIM-H-0073,H0+H1,73.67147293597041
SIMULATED,Collect,SIM-H-0073,H0+H1+H2,77.29337713960453
SIMULATED,Collect,SIM-H-0073,H0+H1+H2+H3,78.12468111462164
SIMULATED,Collect,SIM-H-0074,H0,67.7421422073457
SIMULATED,Collect,SIM-H-0074,H0+H1,74.2504660671784
SIMULATED,Collect,SIM-H-0074,H0+H1+H2,78.02716156233248
SIMULATED,Collect,SIM-H-0074,H0+H1+H2+H3,81.91240192528335
SIMULATED,Collect,SIM-H-0075,H0,69.24911562945765
SIMULATED,Collect,SIM-H-0075,H0+H1,71.15025099934812
SIMULATED,Collect,SIM-H-0075,H0+H1+H2,78.50147916639729
SIMULATED,Collect,SIM-H-0075,H0+H1+H2+H3,77.24960407370692
SIMULATED,Collect,SIM-H-0076,H0,69.54781044294067
SIMULATED,Collect,SIM-H-0076,H0+H1,75.47235493243795
SIMULATED,Collect,SIM-H-0076,H0+H1+H2,79.44371543430776
SIMULATED,Collect,SIM-H-0076,H0+H1+H2+H3,79.26114579247339
SIMULATED,Collect,SIM-H-0077,H0,72.60999672073832
SIMULATED,Collect,SIM-H-0077,H0+H1,75.65351181513316
SIMULATED,Collect,SIM-H-0077,H0+H1+H2,80.98189547913447
SIMULATED,Collect,SIM-H-0077,H0+H1+H2+H3,77.53358947018015
SIMULATED,Collect,SIM-H-0078,H0,69.08158739970362
SIMULATED,Collect,SIM-H-0078,H0+H1,74.5192075233979
SIMULATED,Collect,SIM-H-0078,H0+H1+H2,78.39823197497675
SIMULATED,Collect,SIM-H-0078,H0+H1+H2+H3,79.31335226155883
SIMULATED,Collect,SIM-H-0079,H0,72.74594307941233
SIMULATED,Collect,SIM-H-0079,H0+H1,74.78845735117926
SIMULATED,Collect,SIM-H-0079,H0+H1+H2,78.53516237731655
SIMULATED,Collect,SIM-H-0079,H0+H1+H2+H3,75.90273296253909
SIMULATED,Collect,SIM-H-0080,H0,65.08687157351628
SIMULATED,Collect,SIM-H-0080,H0+H1,71.77242965976023
SIMULATED,Collect,SIM-H-0080,H0+H1+H2,75.89020955751914
SIMULATED,Collect,SIM-H-0080,H0+H1+H2+H3,76.50749434966257
SIMULATED,Collect,SIM-H-0081,H0,71.13560124747559
SIMULATED,Collect,SIM-H-0081,H0+H1,76.6963924436046
SIMULATED,Collect,SIM-H-0081,H0+H1+H2,78.33283721551459
SIMULATED,Collect,SIM-H-0081,H0+H1+H2+H3,77.24262887007059
SIMULATED,Collect,SIM-H-0082,H0,72.46503535696372
SIMULATED,Collect,SIM-H-0082,H0+H1,76.0881487117532
SIMULATED,Collect,SIM-H-0082,H0+H1+H2,75.7436920935532
SIMULATED,Collect,SIM-H-0082,H0+H1+H2+H3,77.43456848340819
SIMULATED,Collect,SIM-H-0083,H0,71.4843482862623
SIMULATED,Collect,SIM-H-0083,H0+H1,72.44954597573586
SIMULATED,Collect,SIM-H-0083,H0+H1+H2,81.5345435997119
SIMULATED,Collect,SIM-H-0083,H0+H1+H2+H3,74.38892423413704
SIMULATED,Collect,SIM-H-0084,H0,72.27786554974455
SIMULATED,Collect,SIM-H-0084,H0+H1,74.27660467109143
SIMULATED,Collect,SIM-H-0084,H0+H1+H2,80.4605882693908
SIMULATED,Collect,SIM-H-0084,H0+H1+H2+H3,79.78548245782589
SIMULATED,Collect,SIM-H-0085,H0,67.47659227644371
SIMULATED,Collect,SIM-H-0085,H0+H1,71.91124111350987
SIMULATED,Collect,SIM-H-0085,H0+H1+H2,76.95695773923315
SIMULATED,Collect,SIM-H-0085,H0+H1+H2+H3,77.51447821440885
SIMULATED,Collect,SIM-H-0086,H0,71.5156005875755
SIMULATED,Collect,SIM-H-0086,H0+H1,73.88124718278172
SIMULATED,Collect,SIM-H-0086,H0+H1+H2,77.61624122369884
SIMULATED,Collect,SIM-H-0086,H0+H1+H2+H3,77.85001036775327
SIMULATED,Collect,SIM-H-0087,H0,69.49361119357187
SIMULATED,Collect,SIM-H-0087,H0+H1,71.62581028634122
SIMULATED,Collect,SIM-H-0087,H0+H1+H2,82.99891324478803
SIMULATED,Collect,SIM-H-0087,H0+H1+H2+H3,81.48358249657677
SIMULATED,Collect,SIM-H-0088,H0,70.08076282660151
SIMULATED,Collect,SIM-H-0088,H0+H1,74.13771755831661
SIMULATED,Collect,SIM-H-0088,H0+H1+H2,75.12416452597267
SIMULATED,Collect,SIM-H-0088,H0+H1+H2+H3,78.68569358382835
SIMULATED,Collect,SIM-H-0089,H0,74.87825508668858
SIMULATED,Collect,SIM-H-0089,H0+H1,74.51124008239415
SIMULATED,Collect,SIM-H-0089,H0+H1+H2,79.32520823693308
SIMULATED,Collect,SIM-H-0089,H0+H1+H2+H3,76.9289405603236
SIMULATED,Collect,SIM-H-0090,H0,68.65681366179093
SIMULATED,Collect,SIM-H-0090,H0+H1,75.82759022543489
SIMULATED,Collect,SIM-H-0090,H0+H1+H2,78.17413823425514
SIMULATED,Collect,SIM-H-0090,H0+H1+H2+H3,79.26459259324855
SIMULATED,Collect,SIM-H-0091,H0,71.39621445612013
SIMULATED,Collect,SIM-H-0091,H0+H1,75.501354492041
SIMULATED,Collect,SIM-H-0091,H0+H1+H2,74.08692770619017
SIMULATED,Collect,SIM-H-0091,H0+H1+H2+H3,77.98909884182105
SIMULATED,Collect,SIM-H-0092,H0,72.55825962714927
SIMULATED,Collect,SIM-H-0092,H0+H1,69.60106305774795
SIMULATED,Collect,SIM-H-0092,H0+H1+H2,72.3895155706356
SIMULATED,Collect,SIM-H-0092,H0+H1+H2+H3,81.75355917784663
SIMULATED,Collect,SIM-H-0093,H0,74.19643671502234
SIMULATED,Collect,SIM-H-0093,H0+H1,74.57395767977836
SIMULATED,Collect,SIM-H-0093,H0+H1+H2,75.59348421243726
SIMULATED,Collect,SIM-H-0093,H0+H1+H2+H3,79.80353755709027
SIMULATED,Collect,SIM-H-0094,H0,73.74356525050122
SIMULATED,Collect,SIM-H-0094,H0+H1,75.7825742204194
SIMULATED,Collect,SIM-H-0094,H0+H1+H2,77.17692147977796
SIMULATED,Collect,SIM-H-0094,H0+H1+H2+H3,82.29425526420341
SIMULATED,Collect,SIM-H-0095,H0,72.83422636066783
SIMULATED,Collect,SIM-H-0095,H0+H1,74.41878744817151
SIMULATED,Collect,SIM-H-0095,H0+H1+H2,76.63164268942073
SIMULATED,Collect,SIM-H-0095,H0+H1+H2+H3,80.64473293953867
SIMULATED,Collect,SIM-H-0096,H0,69.33338491731836
SIMULATED,Collect,SIM-H-0096,H0+H1,75.5214356499426
SIMULATED,Collect,SIM-H-0096,H0+H1+H2,75.23153139123558
SIMULATED,Collect,SIM-H-0096,H0+H1+H2+H3,79.68225521934119
SIMULATED,Collect,SIM-H-0097,H0,73.18335874356013
SIMULATED,Collect,SIM-H-0097,H0+H1,75.08254839947439
SIMULATED,Collect,SIM-H-0097,H0+H1+H2,76.89928233188743
SIMULATED,Collect,SIM-H-0097,H0+H1+H2+H3,79.18968355091108
SIMULATED,Collect,SIM-H-0098,H0,72.60479577328928
SIMULATED,Collect,SIM-H-0098,H0+H1,74.67123944639263
SIMULATED,Collect,SIM-H-0098,H0+H1+H2,76.65224243229076
SIMULATED,Collect,SIM-H-0098,H0+H1+H2+H3,79.75448008546957
SIMULATED,Collect,SIM-H-0099,H0,74.35488984157556
SIMULATED,Collect,SIM-H-0099,H0+H1,77.83235559370155
SIMULATED,Collect,SIM-H-0099,H0+H1+H2,76.50734993924851
SIMULATED,Collect,SIM-H-0099,H0+H1+H2+H3,79.77561220878073
SIMULATED,Collect,SIM-H-0100,H0,70.01990739853498
SIMULATED,Collect,SIM-H-0100,H0+H1,78.3681895945788
SIMULATED,Collect,SIM-H-0100,H0+H1+H2,76.24846119495975
SIMULATED,Collect,SIM-H-0100,H0+H1+H2+H3,76.55061380308115
SIMULATED,Collect,SIM-H-0101,H0,74.45714910358856
SIMULATED,Collect,SIM-H-0101,H0+H1,71.85248201749685
SIMULATED,Collect,SIM-H-0101,H0+H1+H2,79.57114703212268
SIMULATED,Collect,SIM-H-0101,H0+H1+H2+H3,80.84200282992147
SIMULATED,Collect,SIM-H-0102,H0,71.36485991559857
SIMULATED,Collect,SIM-H-0102,H0+H1,77.64299157502238
SIMULATED,Collect,SIM-H-0102,H0+H1+H2,77.44762872674893
SIMULATED,Collect,SIM-H-0102,H0+H1+H2+H3,77.3280829507182
SIMULATED,Collect,SIM-H-0103,H0,71.71746230145757
SIMULATED,Collect,SIM-H-0103,H0+H1,72.96343439461995
SIMULATED,Collect,SIM-H-0103,H0+H1+H2,78.15004447198491
SIMULATED,Collect,SIM-H-0103,H0+H1+H2+H3,76.70768557686196
SIMULATED,Collect,SIM-H-0104,H0,67.14515024895113
SIMULATED,Collect,SIM-H-0104,H0+H1,76.12359582129086
SIMULATED,Collect,SIM-H-0104,H0+H1+H2,78.01226954205114
SIMULATED,Collect,SIM-H-0104,H0+H1+H2+H3,77.04687628074572
SIMULATED,Collect,SIM-H-0105,H0,67.84389531550717
SIMULATED,Collect,SIM-H-0105,H0+H1,74.61409583497192
SIMULATED,Collect,SIM-H-0105,H0+H1+H2,78.72797562016811
SIMULATED,Collect,SIM-H-0105,H0+H1+H2+H3,77.45855724229135
SIMULATED,Collect,SIM-H-0106,H0,73.40998949467591
SIMULATED,Collect,SIM-H-0106,H0+H1,71.60755614074709
SIMULATED,Collect,SIM-H-0106,H0+H1+H2,76.27718431215149
SIMULATED,Collect,SIM-H-0106,H0+H1+H2+H3,77.5758840894589
SIMULATED,Collect,SIM-H-0107,H0,68.93699288947666
SIMULATED,Collect,SIM-H-0107,H0+H1,75.20164847387566
SIMULATED,Collect,SIM-H-0107,H0+H1+H2,78.45867757016211
SIMULATED,Collect,SIM-H-0107,H0+H1+H2+H3,78.27259802226328
SIMULATED,Collect,SIM-H-0108,H0,72.51987803804612
SIMULATED,Collect,SIM-H-0108,H0+H1,75.68806884040231
SIMULATED,Collect,SIM-H-0108,H0+H1+H2,80.04869626919437
SIMULATED,Collect,SIM-H-0108,H0+H1+H2+H3,75.75477589380593
SIMULATED,Collect,SIM-H-0109,H0,68.99494006399078
SIMULATED,Collect,SIM-H-0109,H0+H1,73.47715960506115
SIMULATED,Collect,SIM-H-0109,H0+H1+H2,81.44737435384287
SIMULATED,Collect,SIM-H-0109,H0+H1+H2+H3,76.3363015820041
SIMULATED,Collect,SIM-H-0110,H0,69.63547300173241
SIMULATED,Collect,SIM-H-0110,H0+H1,73.19978716005654
SIMULATED,Collect,SIM-H-0110,H0+H1+H2,78.80073658586215
SIMULATED,Collect,SIM-H-0110,H0+H1+H2+H3,77.58941591461279
SIMULATED,Collect,SIM-H-0111,H0,71.76206221470157
SIMULATED,Collect,SIM-H-0111,H0+H1,75.85716018091638
SIMULATED,Collect,SIM-H-0111,H0+H1+H2,82.0187820686735
SIMULATED,Collect,SIM-H-0111,H0+H1+H2+H3,81.09638748665675
SIMULATED,Collect,SIM-H-0112,H0,73.76955912083535
SIMULATED,Collect,SIM-H-0112,H0+H1,71.93285619376857
SIMULATED,Collect,SIM-H-0112,H0+H1+H2,77.55006568299609
SIMULATED,Collect,SIM-H-0112,H0+H1+H2+H3,78.3542732391362
SIMULATED,Collect,SIM-H-0113,H0,69.87507764314564
SIMULATED,Collect,SIM-H-0113,H0+H1,74.87205019435937
SIMULATED,Collect,SIM-H-0113,H0+H1+H2,75.91411564285127
SIMULATED,Collect,SIM-H-0113,H0+H1+H2+H3,77.33167921404714
SIMULATED,Collect,SIM-H-0114,H0,73.77477558547778
SIMULATED,Collect,SIM-H-0114,H0+H1,72.63948557697307
SIMULATED,Collect,SIM-H-0114,H0+H1+H2,76.50400155916006
SIMULATED,Collect,SIM-H-0114,H0+H1+H2+H3,78.28943725408492
SIMULATED,Collect,SIM-H-0115,H0,68.38760669857207
SIMULATED,Collect,SIM-H-0115,H0+H1,74.12516452742645
SIMULATED,Collect,SIM-H-0115,H0+H1+H2,77.7554466539709
SIMULATED,Collect,SIM-H-0115,H0+H1+H2+H3,77.6080348491153
SIMULATED,Collect,SIM-H-0116,H0,68.35307284071924
SIMULATED,Collect,SIM-H-0116,H0+H1,71.79819203556156
SIMULATED,Collect,SIM-H-0116,H0+H1+H2,79.52075290628561
SIMULATED,Collect,SIM-H-0116,H0+H1+H2+H3,77.01607463575843
SIMULATED,Collect,SIM-H-0117,H0,71.25266705461824
SIMULATED,Collect,SIM-H-0117,H0+H1,74.95513418307314
SIMULATED,Collect,SIM-H-0117,H0+H1+H2,78.36552407377083
SIMULATED,Collect,SIM-H-0117,H0+H1+H2+H3,79.91902638539372
SIMULATED,Collect,SIM-H-0118,H0,72.33037851451736
SIMULATED,Collect,SIM-H-0118,H0+H1,72.87029106786422
SIMULATED,Collect,SIM-H-0118,H0+H1+H2,81.91604957418498
SIMULATED,Collect,SIM-H-0118,H0+H1+H2+H3,70.87081043050071
SIMULATED,Collect,SIM-H-0119,H0,75.2100830376403
SIMULATED,Collect,SIM-H-0119,H0+H1,74.91122933171218
SIMULATED,Collect,SIM-H-0119,H0+H1+H2,81.72559637393876
SIMULATED,Collect,SIM-H-0119,H0+H1+H2+H3,77.57451952475611
SIMULATED,Collect,SIM-H-0120,H0,70.87800654910897
SIMULATED,Collect,SIM-H-0120,H0+H1,72.2613078395232
SIMULATED,Collect,SIM-H-0120,H0+H1+H2,72.82142467141054
SIMULATED,Collect,SIM-H-0120,H0+H1+H2+H3,75.55608476954352
SIMULATED,Collect,SIM-H-0121,H0,70.86180988091655
SIMULATED,Collect,SIM-H-0121,H0+H1,73.69322592737818
SIMULATED,Collect,SIM-H-0121,H0+H1+H2,75.45347351215425
SIMULATED,Collect,SIM-H-0121,H0+H1+H2+H3,80.65878523058618
SIMULATED,Collect,SIM-H-0122,H0,71.57240590585589
SIMULATED,Collect,SIM-H-0122,H0+H1,74.53927121883278
SIMULATED,Collect,SIM-H-0122,H0+H1+H2,75.59904762464186
SIMULATED,Collect,SIM-H-0122,H0+H1+H2+H3,83.19759706325782
SIMULATED,Collect,SIM-H-0123,H0,70.78216272432493
SIMULATED,Collect,SIM-H-0123,H0+H1,73.82238620921297
SIMULATED,Collect,SIM-H-0123,H0+H1+H2,74.50744692820734
SIMULATED,Collect,SIM-H-0123,H0+H1+H2+H3,81.23629969398357
SIMULATED,Collect,SIM-H-0124,H0,69.62266099319237
SIMULATED,Collect,SIM-H-0124,H0+H1,74.92136876399216
SIMULATED,Collect,SIM-H-0124,H0+H1+H2,77.138880839341
SIMULATED,Collect,SIM-H-0124,H0+H1+H2+H3,75.30750907726963
SIMULATED,Collect,SIM-H-0125,H0,69.37642234365876
SIMULATED,Collect,SIM-H-0125,H0+H1,72.69950655845791
SIMULATED,Collect,SIM-H-0125,H0+H1+H2,78.72645842206073
SIMULATED,Collect,SIM-H-0125,H0+H1+H2+H3,80.65885208310183
SIMULATED,Collect,SIM-H-0126,H0,70.10479851363183
SIMULATED,Collect,SIM-H-0126,H0+H1,72.36254047961097
SIMULATED,Collect,SIM-H-0126,H0+H1+H2,78.64000402172411
SIMULATED,Collect,SIM-H-0126,H0+H1+H2+H3,77.91350491249571
SIMULATED,Collect,SIM-H-0127,H0,70.4995621044847
SIMULATED,Collect,SIM-H-0127,H0+H1,68.52548411816217
SIMULATED,Collect,SIM-H-0127,H0+H1+H2,80.05642559924931
SIMULATED,Collect,SIM-H-0127,H0+H1+H2+H3,80.8480345275214
SIMULATED,Collect,SIM-H-0128,H0,72.32969152079941
SIMULATED,Collect,SIM-H-0128,H0+H1,71.59432386464815
SIMULATED,Collect,SIM-H-0128,H0+H1+H2,81.08742837251167
SIMULATED,Collect,SIM-H-0128,H0+H1+H2+H3,75.35936999341193
SIMULATED,Collect,SIM-H-0129,H0,69.2146055101753
SIMULATED,Collect,SIM-H-0129,H0+H1,75.77526134789483
SIMULATED,Collect,SIM-H-0129,H0+H1+H2,78.95527547919778
SIMULATED,Collect,SIM-H-0129,H0+H1+H2+H3,79.19719820595087
SIMULATED,Collect,SIM-H-0130,H0,68.4874484468023
SIMULATED,Collect,SIM-H-0130,H0+H1,73.42041980153891
SIMULATED,Collect,SIM-H-0130,H0+H1+H2,80.3213053881545
SIMULATED,Collect,SIM-H-0130,H0+H1+H2+H3,76.31412570366267
SIMULATED,Collect,SIM-H-0131,H0,70.65868418153694
SIMULATED,Collect,SIM-H-0131,H0+H1,74.64815966095071
SIMULATED,Collect,SIM-H-0131,H0+H1+H2,75.86622158676302
SIMULATED,Collect,SIM-H-0131,H0+H1+H2+H3,78.24820361642564
SIMULATED,Collect,SIM-H-0132,H0,72.44529093752966
SIMULATED,Collect,SIM-H-0132,H0+H1,77.97236913829329
SIMULATED,Collect,SIM-H-0132,H0+H1+H2,82.2906454225473
SIMULATED,Collect,SIM-H-0132,H0+H1+H2+H3,79.60977234029471
SIMULATED,Collect,SIM-H-0133,H0,70.21787545959769
SIMULATED,Collect,SIM-H-0133,H0+H1,75.04464069507169
SIMULATED,Collect,SIM-H-0133,H0+H1+H2,80.29332432400109
SIMULATED,Collect,SIM-H-0133,H0+H1+H2+H3,80.54707817109097
SIMULATED,Collect,SIM-H-0134,H0,69.96285902932419
SIMULATED,Collect,SIM-H-0134,H0+H1,74.78330883086606
SIMULATED,Collect,SIM-H-0134,H0+H1+H2,77.77835321862113
SIMULATED,Collect,SIM-H-0134,H0+H1+H2+H3,78.51540739101017
SIMULATED,Collect,SIM-H-0135,H0,71.30658085528778
SIMULATED,Collect,SIM-H-0135,H0+H1,73.20590508932202
SIMULATED,Collect,SIM-H-0135,H0+H1+H2,80.99400073989065
SIMULATED,Collect,SIM-H-0135,H0+H1+H2+H3,84.43060013095914
SIMULATED,Collect,SIM-H-0136,H0,68.6744554661848
SIMULATED,Collect,SIM-H-0136,H0+H1,73.00340464273123
SIMULATED,Collect,SIM-H-0136,H0+H1+H2,76.8366760455812
SIMULATED,Collect,SIM-H-0136,H0+H1+H2+H3,76.03958576686342
SIMULATED,Collect,SIM-H-0137,H0,76.92792840059609
SIMULATED,Collect,SIM-H-0137,H0+H1,72.98242689624668
SIMULATED,Collect,SIM-H-0137,H0+H1+H2,81.50401960768912
SIMULATED,Collect,SIM-H-0137,H0+H1+H2+H3,77.1676178094444
SIMULATED,Collect,SIM-H-0138,H0,72.14932630005381
SIMULATED,Collect,SIM-H-0138,H0+H1,74.55677730795635
SIMULATED,Collect,SIM-H-0138,H0+H1+H2,78.75035560542862
SIMULATED,Collect,SIM-H-0138,H0+H1+H2+H3,79.89909475229264
SIMULATED,Collect,SIM-H-0139,H0,66.5899404379224
SIMULATED,Collect,SIM-H-0139,H0+H1,72.80851156068148
SIMULATED,Collect,SIM-H-0139,H0+H1+H2,81.82703384365983
SIMULATED,Collect,SIM-H-0139,H0+H1+H2+H3,79.0440125013539
SIMULATED,Collect,SIM-H-0140,H0,69.34439978298131
SIMULATED,Collect,SIM-H-0140,H0+H1,74.12917733559254
SIMULATED,Collect,SIM-H-0140,H0+H1+H2,77.02536103710617
SIMULATED,Collect,SIM-H-0140,H0+H1+H2+H3,80.45414432380294
SIMULATED,Collect,SIM-H-0141,H0,76.60624339703793
SIMULATED,Collect,SIM-H-0141,H0+H1,70.6201076926318
SIMULATED,Collect,SIM-H-0141,H0+H1+H2,75.63115040986362
SIMULATED,Collect,SIM-H-0141,H0+H1+H2+H3,75.86675700639772
SIMULATED,Collect,SIM-H-0142,H0,71.63817648422177
SIMULATED,Collect,SIM-H-0142,H0+H1,72.16978519453053
SIMULATED,Collect,SIM-H-0142,H0+H1+H2,77.65585094040982
SIMULATED,Collect,SIM-H-0142,H0+H1+H2+H3,73.8045975761196
SIMULATED,Collect,SIM-H-0143,H0,66.10983831339887
SIMULATED,Collect,SIM-H-0143,H0+H1,77.24752351001601
SIMULATED,Collect,SIM-H-0143,H0+H1+H2,75.43583052492124
SIMULATED,Collect,SIM-H-0143,H0+H1+H2+H3,77.62577367853797
SIMULATED,Collect,SIM-H-0144,H0,72.59582640113413
SIMULATED,Collect,SIM-H-0144,H0+H1,80.36745755613997
SIMULATED,Collect,SIM-H-0144,H0+H1+H2,79.37497523390205
SIMULATED,Collect,SIM-H-0144,H0+H1+H2+H3,77.49031195469053
SIMULATED,Collect,SIM-H-0145,H0,72.26878573101315
SIMULATED,Collect,SIM-H-0145,H0+H1,74.11838096150888
SIMULATED,Collect,SIM-H-0145,H0+H1+H2,76.2482466608424
SIMULATED,Collect,SIM-H-0145,H0+H1+H2+H3,78.53731254029594
SIMULATED,Collect,SIM-H-0146,H0,73.23562221839076
SIMULATED,Collect,SIM-H-0146,H0+H1,76.13758861984608
SIMULATED,Collect,SIM-H-0146,H0+H1+H2,74.93041469595026
SIMULATED,Collect,SIM-H-0146,H0+H1+H2+H3,78.92644131277196
SIMULATED,Collect,SIM-H-0147,H0,74.59870567476995
SIMULATED,Collect,SIM-H-0147,H0+H1,71.19425153749903
SIMULATED,Collect,SIM-H-0147,H0+H1+H2,78.5013815935253
SIMULATED,Collect,SIM-H-0147,H0+H1+H2+H3,79.94536252255045
SIMULATED,Collect,SIM-H-0148,H0,70.97797902042576
SIMULATED,Collect,SIM-H-0148,H0+H1,70.93691976597843
SIMULATED,Collect,SIM-H-0148,H0+H1+H2,79.49244504267698
SIMULATED,Collect,SIM-H-0148,H0+H1+H2+H3,75.39970478804356
SIMULATED,Collect,SIM-H-0149,H0,74.05249502902238
SIMULATED,Collect,SIM-H-0149,H0+H1,69.94677192408389
SIMULATED,Collect,SIM-H-0149,H0+H1+H2,76.92128068585848
SIMULATED,Collect,SIM-H-0149,H0+H1+H2+H3,80.26791306794324
SIMULATED,Collect,SIM-H-0150,H0,72.59361458916284
SIMULATED,Collect,SIM-H-0150,H0+H1,71.34495847905787
SIMULATED,Collect,SIM-H-0150,H0+H1+H2,74.9559548213229
SIMULATED,Collect,SIM-H-0150,H0+H1+H2+H3,78.50486007479864
SIMULATED,Collect,SIM-H-0151,H0,70.60220499736857
SIMULATED,Collect,SIM-H-0151,H0+H1,77.61008181041615
SIMULATED,Collect,SIM-H-0151,H0+H1+H2,75.4834045309684
SIMULATED,Collect,SIM-H-0151,H0+H1+H2+H3,81.15600387571722
SIMULATED,Collect,SIM-H-0152,H0,69.02258336927389
SIMULATED,Collect,SIM-H-0152,H0+H1,74.36049002228452
SIMULATED,Collect,SIM-H-0152,H0+H1+H2,78.58291682941449
SIMULATED,Collect,SIM-H-0152,H0+H1+H2+H3,81.35417671174686
SIMULATED,Collect,SIM-H-0153,H0,75.69784357407765
SIMULATED,Collect,SIM-H-0153,H0+H1,74.48136991274946
SIMULATED,Collect,SIM-H-0153,H0+H1+H2,80.96269108978132
SIMULATED,Collect,SIM-H-0153,H0+H1+H2+H3,79.47222392105792
SIMULATED,Collect,SIM-H-0154,H0,73.38521214547117
SIMULATED,Collect,SIM-H-0154,H0+H1,75.61893992138471
SIMULATED,Collect,SIM-H-0154,H0+H1+H2,79.49198392588418
SIMULATED,Collect,SIM-H-0154,H0+H1+H2+H3,76.23456277399478
SIMULATED,Collect,SIM-H-0155,H0,68.05799109992701
SIMULATED,Collect,SIM-H-0155,H0+H1,74.2659515379672
SIMULATED,Collect,SIM-H-0155,H0+H1+H2,78.88495537570688
SIMULATED,Collect,SIM-H-0155,H0+H1+H2+H3,77.39294473989193
SIMULATED,Collect,SIM-H-0156,H0,71.28254810241594
SIMULATED,Collect,SIM-H-0156,H0+H1,73.76607954133864
SIMULATED,Collect,SIM-H-0156,H0+H1+H2,78.41505796144612
SIMULATED,Collect,SIM-H-0156,H0+H1+H2+H3,80.72811708848475
SIMULATED,Collect,SIM-H-0157,H0,72.04577061800923
SIMULATED,Collect,SIM-H-0157,H0+H1,72.29572256198355
SIMULATED,Collect,SIM-H-0157,H0+H1+H2,79.22193035976647
SIMULATED,Collect,SIM-H-0157,H0+H1+H2+H3,76.64836444217217
SIMULATED,Collect,SIM-H-0158,H0,70.31874253501961
SIMULATED,Collect,SIM-H-0158,H0+H1,72.26968554197106
SIMULATED,Collect,SIM-H-0158,H0+H1+H2,78.22884111321031
SIMULATED,Collect,SIM-H-0158,H0+H1+H2+H3,79.94735346398926
SIMULATED,Collect,SIM-H-0159,H0,67.52318663064199
SIMULATED,Collect,SIM-H-0159,H0+H1,76.32672712048216
SIMULATED,Collect,SIM-H-0159,H0+H1+H2,80.11973645303034
SIMULATED,Collect,SIM-H-0159,H0+H1+H2+H3,80.47250569790647
